id,name,category,price,originalPrice,link,description,badge,storage,SKU1,Color1,Imagen1,Hex1,SKU2,Color2,Imagen2,Hex2,SKU3,Color3,Imagen3,Hex3,SKU4,Color4,Imagen4,Hex4,SKU5,Color5,Imagen5,Hex5
1,Galaxy Z Fold7,smartphones,0,0,https://shop.samsung.com.bo/smartphones/galaxy-z/galaxy-z-fold7-blue-shadow-512gb-sm-f966bdbkcho,"Diseño ultra delgado 8.9mm, Cámara 200MP, Snapdragon 8 Elite y Galaxy AI.",,"[""512 GB"", ""RAM 12GB""]",SM-F966BDBKCHO,Azul Metálico,https://samsung-bolivia.s3.amazonaws.com/product-family-item-image-image/square/product-family-item-image-image_REVFsxTyaj9XMYmDK7Qf.png,#3c5b8a,SM-F966BZKKCHO,Negro,https://samsung-bolivia.s3.amazonaws.com/product-family-item-image-image/square/product-family-item-image-image_x79DA312UjEYKePb50Xd.png,#494a4d,,,,,,,,,,,,
2,Galaxy S25 Ultra,smartphones,0,0,https://shop.samsung.com.bo/smartphones/galaxy-s/galaxy-s25-ultra-azul-titanio-256gb-sm-s938bzbkbvo,"Cámara 200MP + 50MP, Titanio, Snapdragon 8 Elite y bat. 5000 mAh.",,"[""256 GB"",""512 GB"", ""RAM 12GB""]",SM-S938BZTKBVO,Gris,https://samsung-bolivia.s3.amazonaws.com/product-family-item-image-image/square/product-family-item-image-image_qI9E4ZaOzVG1HFbrLPlf.png,#938e8a,SM-S938BZSKBVO,Plata,https://samsung-bolivia.s3.amazonaws.com/product-family-item-image-image/square/product-family-item-image-image_H7u4C0FlEXPR3mdeGBtI.png,#c2c2c4,SM-S938BZKKBVO,Negro,https://samsung-bolivia.s3.amazonaws.com/product-family-item-image-image/square/product-family-item-image-image_KQEqL0hw7JfIruXmcZsY.png,#1a1a1e,SM-S938BZBKBVO,Azul,https://samsung-bolivia.s3.amazonaws.com/product-family-item-image-image/square/product-family-item-image-image_FsmUMnZIQiwYeCTXS7EN.png,#8d93a4,,,,
3,Galaxy Z Flip7,smartphones,0,0,https://shop.samsung.com.bo/smartphones/galaxy-z/galaxy-z-flip7-blue-shadow-256gb-sm-f766bdbjcho,"Cámara 50 MP, batería 4300 mAh, pantalla 2600 nits y FlexWindow.",,"[""256 GB"", ""RAM 12GB""]",SM-F766BDBJCHO,Azul Metálico,https://samsung-bolivia.s3.amazonaws.com/product-family-item-image-image/square/product-family-item-image-image_musoL4rQiqzg7KPlpEtb.png,#8d93a4,SM-F766BZKJCHO,Negro,https://samsung-bolivia.s3.amazonaws.com/product-family-item-image-image/square/product-family-item-image-image_NTl6rdGQDnAyg34Fo5Rt.png,#494a4d,SM-F766BZRJCHO,Rojo Coral,https://samsung-bolivia.s3.amazonaws.com/product-family-item-image-image/square/product-family-item-image-image_MLVy6Z9zndu8fXlgvH0A.png,#ee6779,,,,,,,,
4,Galaxy S25+,smartphones,0,0,https://shop.samsung.com.bo/smartphones/galaxy-s/galaxy-s25-plus-gris-256gb-sm-s936bzsjbvo/,"Pantalla QHD+ 6.7, batería 4900 mAh, Armor Aluminum y Galaxy AI.",,"[""256 GB"", ""RAM 12GB""]",SM-S936BZSJBVO,Gris,https://samsung-bolivia.s3.amazonaws.com/product-family-item-image-image/square/product-family-item-image-image_QFnUNhV2vgt5lCTS1jEr.png,#747477,SM-S936BLGJBVO,Menta,https://samsung-bolivia.s3.amazonaws.com/product-family-item-image-image/square/product-family-item-image-image_sp4rc8fxotVqBneQgXlF.png,#c0d2c6,SM-S936BLBJBVO,Celeste,https://samsung-bolivia.s3.amazonaws.com/product-family-item-image-image/square/product-family-item-image-image_Zf6GcDkjBY5X23hEUqS1.png,#bdc6d5,SM-S936BDBJBVO,Azul Marino,https://samsung-bolivia.s3.amazonaws.com/product-family-item-image-image/square/product-family-item-image-image_mNQqBLeIkzSx8TboU6M5.png,#071738,,,,
5,Galaxy S25,smartphones,0,0,https://shop.samsung.com.bo/smartphones/galaxy-s/galaxy-s25-gris-256gb-sm-s931bzskbvo/,"Pantalla FHD+ 6.2, batería 4000 mAh, 12GB RAM y diseño compacto.",,"[""256 GB"", ""RAM 12GB""]",SM-S931BLBKBVO,Celeste,https://samsung-bolivia.s3.amazonaws.com/product-family-item-image-image/square/product-family-item-image-image_a8UgdYvuW1GTco4Ei0jt.png,#bac3d3,SM-S931BLGKBVO,Menta,https://samsung-bolivia.s3.amazonaws.com/product-family-item-image-image/square/product-family-item-image-image_xgdkQBCRJ4oYZAb1O25j.png,#c0d2c6,SM-S931BDBKBVO,Azul Marino,https://samsung-bolivia.s3.amazonaws.com/product-family-item-image-image/original/product-family-item-image-image_tSBXNYkjRu6FmyeCLETQ.png,#071738,SM-S931BZSKBVO,Gris,https://samsung-bolivia.s3.amazonaws.com/product-family-item-image-image/square/product-family-item-image-image_unWONSE87BQewGLUozjR.png,#747477,,,,
6,Galaxy S25 FE,smartphones,0,0,https://shop.samsung.com.bo/smartphones/galaxy-s/galaxy-s25-fe-navy-256gb-sm-s731bdbkbvo,"Pantalla 6.6, 4700mAh, Exynos 2400e, Cámara 50MP y resistencia IP68.",,"[""256GB"", ""RAM 8GB""]",SM-S731BDBKBVO,Azul Marino,https://samsung-bolivia.s3.amazonaws.com/product-family-item-image-image/square/product-family-item-image-image_UeSH9E5JAmz6V0RZ387Q.png,#3c5b8a,SM-S731BZKKBVO,Negro,https://samsung-bolivia.s3.amazonaws.com/product-family-item-image-image/square/product-family-item-image-image_fFej8Q4TGBo7CJSAzuq1.png,#494a4d,SM-S731BLBKBVO,Celeste,https://samsung-bolivia.s3.amazonaws.com/product-family-item-image-image/square/product-family-item-image-image_pZkTnzjUxMCoRDX7IJcg.png,#becae9,SM-S731BZWKBVO,Blanco,https://samsung-bolivia.s3.amazonaws.com/product-family-item-image-image/square/product-family-item-image-image_vlUHIQZ2LgduGtbWzKxm.png,#f5f7f6,,,,
7,Galaxy-A56 5G,smartphones,0,0,https://shop.samsung.com.bo/smartphones/galaxy-a/galaxy-a56-5g-awesome-graphite-256gb-sm-a566ezkcbvo/,"Pantalla Super AMOLED, cuerpo de 7.4mm, Super HDR y marco de aluminio.",,"[""256GB"", ""RAM 8GB""]",SM-S731BDBKBVO,Azul Marino,https://samsung-bolivia.s3.amazonaws.com/product-family-item-image-image/square/product-family-item-image-image_UeSH9E5JAmz6V0RZ387Q.png,#3c5b8a,SM-S731BZKKBVO,Negro,https://samsung-bolivia.s3.amazonaws.com/product-family-item-image-image/square/product-family-item-image-image_fFej8Q4TGBo7CJSAzuq1.png,#494a4d,SM-S731BLBKBVO,Celeste,https://samsung-bolivia.s3.amazonaws.com/product-family-item-image-image/square/product-family-item-image-image_pZkTnzjUxMCoRDX7IJcg.png,#becae9,SM-S731BZWKBVO,Blanco,https://samsung-bolivia.s3.amazonaws.com/product-family-item-image-image/square/product-family-item-image-image_vlUHIQZ2LgduGtbWzKxm.png,#f5f7f6,,,,
8,Galaxy-A26 5G,smartphones,0,0,https://shop.samsung.com.bo/smartphones/galaxy-a/galaxy-a26-5g-mint-128gb-sm-a266mlgdbvo/,"Pantalla 6.7 Super AMOLED, IP67, Batería 5000mAh y diseño Key Island.",,"[""128 GB"",""256GB"", ""RAM 6GB""]",SM-A266MZKDBVO,Negro,https://samsung-bolivia.s3.amazonaws.com/product-family-item-image-image/square/product-family-item-image-image_CzrmjgMaNsDTUn1v6bcu.png,#2d2926,SM-A266MLGDBVO,Menta,https://samsung-bolivia.s3.amazonaws.com/product-family-item-image-image/square/product-family-item-image-image_K58UgEar7DenshGjiySd.png,#bce5df,SM-A266MZWDBVO,Blanco,https://samsung-bolivia.s3.amazonaws.com/product-family-item-image-image/square/product-family-item-image-image_RNBqVpEPmrfOx8gho73d.png,#f3f4f4,,,,,,,,
9,Galaxy-A36 5G,smartphones,0,0,https://shop.samsung.com.bo/smartphones/galaxy-a/galaxy-a36-5g-awesome-black-256gb-sm-a366ezkgbvo/,"Pantalla 6.7 FHD+ 120Hz (1200 nits), Knox Vault y diseño minimalista.",,"[""256GB"", ""RAM 8GB""]",SM-A366ELGGBVO,Verde claro,https://samsung-bolivia.s3.amazonaws.com/product-family-item-image-image/square/product-family-item-image-image_6vXGmDeB8ETVyJrIqut3.png,#dfefdb,SM-A366EZKGBVO,Negro,https://samsung-bolivia.s3.amazonaws.com/product-family-item-image-image/square/product-family-item-image-image_jzZnAsV4UX91drt62EeF.png,#2d2926,SM-A366ELVGBVO,Lila,https://samsung-bolivia.s3.amazonaws.com/product-family-item-image-image/square/product-family-item-image-image_5ZcYBNyvC6iXasApJQ9E.png,#c6cce7,SM-A366EZAGBVO,Gris,https://samsung-bolivia.s3.amazonaws.com/product-family-item-image-image/square/product-family-item-image-image_54OAmnEytFiZPaoLTg01.png,#dad9db,,,,
10,Galaxy-A17,smartphones,0,0,https://shop.samsung.com.bo/smartphones/galaxy-a/galaxy-a17-black-128gb-sm-a175fzkgbvo,"Diseño moderno, cámara principal 50MP y batería de 5000mAh para todo el día.",,"[""128GB"",""256GB"",""RAM 6 y 8GB""]",SM-A175FZKGBVO,Negro,https://samsung-bolivia.s3.amazonaws.com/product-family-item-image-image/square/product-family-item-image-image_plKXQsWNif5GCyvtuD8S.png,#404145,SM-A175FZAGBVO,Gris,https://samsung-bolivia.s3.amazonaws.com/product-family-item-image-image/square/product-family-item-image-image_pQ57OBnUf1P0NFqCxlZI.png,#9b9ca1,SM-A175FLBGBVO,Celeste,https://samsung-bolivia.s3.amazonaws.com/product-family-item-image-image/square/product-family-item-image-image_vGVEJfwDY5bqdT2tZSyh.png,#a4c8e1,,,,,,,,
11,Galaxy-A16,smartphones,0,0,https://shop.samsung.com.bo/smartphones/galaxy-a/galaxy-a16-black-256gb-sm-a165mzkibvo,"Pantalla 6.7 FHD+ sAMOLED, 6 actualizaciones de seguridad y diseño ultra delgado.",,"[""128 GB"",""256 GB""]",SM-A165MLGIBVO,Light Green,https://samsung-bolivia.s3.amazonaws.com/product-family-item-image-image/square/product-family-item-image-image_XdSCZYtRWLMcFa3QbyPH.png,#c0cdc4,SM-A165MZKIBVO,Black,https://samsung-bolivia.s3.amazonaws.com/product-family-item-image-image/square/product-family-item-image-image_mxuMpDBRk903QncdCPTA.png,#4a4f59,SM-A165MZAIBVO,Light Gray,https://samsung-bolivia.s3.amazonaws.com/product-family-item-image-image/square/product-family-item-image-image_Ce2Rm86BfnQixNydpacA.png,#c7c8ca,,,,,,,,
12,Galaxy-A07,smartphones,0,0,https://shop.samsung.com.bo/smartphones/galaxy-a/galaxy-a07-black-64gb-sm-a075mzkdbvo,"Pantalla expansiva, cámara dual esencial 50MP y batería de 5000mAh.",,"[""64GB"", ""RAM 4GB""]",SM-A075MZKDBVO,Negro,https://samsung-bolivia.s3.amazonaws.com/product-family-item-image-image/square/product-family-item-image-image_97ByHkQGhquESIU3idcO.png,#484d57,SM-A075MZGDBVO,Verde,https://samsung-bolivia.s3.amazonaws.com/product-family-item-image-image/square/product-family-item-image-image_x3XKiYa1Okt24lm9LMzo.png,#304e53,SM-A075MLVDBVO,VIoleta,https://samsung-bolivia.s3.amazonaws.com/product-family-item-image-image/square/product-family-item-image-image_ySxq7mdGROFK5VhpaJEw.png,#b6c0d6,,,,,,,,
13,Galaxy-A06,smartphones,0,0,https://shop.samsung.com.bo/smartphones/galaxy-a/galaxy-a06-black-64gb-sm-a065mzkdbvo/,"Pantalla 6.7, Cámara 50MP, Carga rápida 25W y lector de huella lateral.",,"[""64 GB"",""128 GB"",""RAM 4GB""]",SM-A065MZKDBVO,Negro,https://samsung-bolivia.s3.amazonaws.com/product-family-item-image-image/square/product-family-item-image-image_q2igFyLm8vBEX07xUAGu.png,#484d57,SM-A065MLGDBVO,Verde Claro,https://samsung-bolivia.s3.amazonaws.com/product-family-item-image-image/square/product-family-item-image-image_4c3PIwpkbe56DRgF29ZN.png,#ace0e3,SM-A065MLBDBVO,Azul Claro,https://samsung-bolivia.s3.amazonaws.com/product-family-item-image-image/square/product-family-item-image-image_4ilUeONA62bQuEyYIHWn.png,#d9e6f4,,,,,,,,
14,Galaxy Tab S11 Ultra Wi-Fi + Keyboard Cover + S Pen,tablets,0,0,https://shop.samsung.com.bo/tablets/galaxy-tab-s/galaxy-tab-s11-ultra-gray-256gb-sm-x930nzadbvo,"Diseño ultra delgado 5.1mm, Drawing Assist con IA y S Pen hexagonal.",,"[""256GB"", ""RAM 12GB""]",SM-X930NZADBVO,Gris,https://samsung-bolivia.s3.amazonaws.com/product-family-item-image-image/square/product-family-item-image-image_WDT9agjHZQnq54GN70rA.png,#c7c8ca,,,,,,,,,,,,,,,,
15,Galaxy Tab S10 Ultra Wi-Fi + Keyboard Cover + S Pen,tablets,0,0,https://shop.samsung.com.bo/tablets/galaxy-tab-s/galaxy-tab-s10-ultra-gray-256gb-sm-x920nzadbvo,"Pantalla 14.6 Dynamic AMOLED 2x, cuerpo de 718g y resistencia IP68.",,"[""256GB"", ""RAM 12GB""]",SM-X920NZADBVO,Gray,https://samsung-bolivia.s3.amazonaws.com/product-family-item-image-image/square/product-family-item-image-image_ak0VR2Sfu7AGJmtyDW81.png,#606e81,,,,,,,,,,,,,,,,
16,Galaxy Tab S11 Wi-Fi + Keyboard Cover + S Pen,tablets,0,0,https://shop.samsung.com.bo/tablets/galaxy-tab-s/galaxy-tab-s11-gray-256gb-sm-x730nzahbvo,"Pantalla Dynamic AMOLED 2X, S Pen incluido y resistencia al agua/polvo IP68.",,"[""256GB"", ""RAM 12GB""]",SM-X730NZAHBVO,Gris,https://samsung-bolivia.s3.amazonaws.com/product-family-item-image-image/square/product-family-item-image-image_gyUlJifYQMR20tkLAF7r.png,#75787b,,,,,,,,,,,,,,,,
17,Galaxy Tab S10+ Wi-Fi + Keyboard Cover + S Pen,tablets,0,0,https://shop.samsung.com.bo/tablets/galaxy-tab-s/galaxy-tab-s10-ultra-gray-256gb-sm-x920nzadbvo,"Pantalla 12.4 WQXGA+, cámara dual y procesador optimizado para multitarea.",,"[""256GB"", ""RAM 12GB""]",SM-X920NZADBVO,Gray,https://samsung-bolivia.s3.amazonaws.com/product-family-item-image-image/square/product-family-item-image-image_ak0VR2Sfu7AGJmtyDW81.png,#606e81,,,,,,,,,,,,,,,,
18,Galaxy Tab S9 5G + S Pen,tablets,0,0,https://shop.samsung.com.bo/tablets/galaxy-tab-s/galaxy-tab-s9-graphite-256gb-sm-x716bzaebvo,"Pantalla Dynamic AMOLED 2X, Vision Booster y procesador Snapdragon 8 Gen 2.",,"[""256GB"", ""RAM 12GB""]",SM-X716BZAEBVO,Graphite,https://samsung-bolivia.s3.amazonaws.com/product-family-item-image-image/square/product-family-item-image-image_a47qwBkQmGSDLxrnHbl2.png,#545356,SM-X716BZEEBVO,Beige,https://samsung-bolivia.s3.amazonaws.com/product-family-item-image-image/square/product-family-item-image-image_uxkGWTatzcf4Kys7p1P3.png,#dad6ca,,,,,,,,,,,,
19,Galaxy Tab S8 Ultra Wi-Fi + Keyboard Cover + S Pen,tablets,0,0,https://samsung.com.bo/tablets/galaxy-tab-s8-ultra,"Pantalla 14.6 Super AMOLED, doble cámara frontal 12MP y batería 11200mAh.",,"[""256GB"", ""RAM 12GB""]",SM-X900NZADBVO,Graphite,https://samsung-bolivia.s3.amazonaws.com/product-family-item-image-image/original/product-family-item-image-image_r9kBXbZ7EHPeI415nwMF.png,#494d53,,,,,,,,,,,,,,,,
20,Galaxy Tab S8 Ultra 5G + Keyboard Cover + S Pen,tablets,0,0,https://samsung.com.bo/tablets/galaxy-tab-s/galaxy-tab-s8-ultra-5g-graphite-256gb-sm-x906bzadbvo,"Pantalla masiva 14.6 sAMOLED, conectividad 5G, doble cámara frontal y batería 11200mAh.",,"[""256GB"", ""RAM 12GB""]",SM-X906BZADBVO,Graphite,https://samsung-bolivia.s3.amazonaws.com/product-family-item-image-image/square/product-family-item-image-image_Ym12EgZftRjDsOCp9o6i.png,#494d53,,,,,,,,,,,,,,,,
21,Galaxy Tab S8 5G + Keyboard Cover + S Pen,tablets,0,0,https://samsung.com.bo/tablets/galaxy-tab-s/galaxy-tab-s8-5g-silver-256gb-sm-x706bzswbvo,"Pantalla 11 LTPS 120Hz, procesador Snapdragon 8 Gen 1 y S Pen de baja latencia.",,"[""256GB"", ""RAM 8GB""]",SM-X706BZAWBVO,Graphite,https://samsung-bolivia.s3.amazonaws.com/product-family-item-image-image/square/product-family-item-image-image_4NEgt3YK8OBClnQ1THdw.png,#494d53,SM-X706BZSWBVO,Silver,https://samsung-bolivia.s3.amazonaws.com/product-family-item-image-image/square/product-family-item-image-image_2FWoPOf7gXaZxJkiu35d.png,#c0c0c0,SM-X706BIDWBVO,Pink Gold,https://samsung-bolivia.s3.amazonaws.com/product-family-item-image-image/square/product-family-item-image-image_c1JFO0Ey9pm5r6IzoKeQ.png,#d6b6a8,,,,,,,,
22,Galaxy Tab S10 FE+ Wi-Fi + Cover + S Pen,tablets,0,0,https://shop.samsung.com.bo/tablets/galaxy-tab-s/galaxy-tab-s10-fe-plus-silver-128gb-sm-x620nzsabvo,"Pantalla masiva de 13.1, resistencia al agua IP68 y S Pen Creator incluido.",,"[""128GB"", ""RAM 8GB""]",SM-X620NZSABVO,Silver,https://samsung-bolivia.s3.amazonaws.com/product-family-item-image-image/square/product-family-item-image-image_2k8sHTFRoQNY0nq694dh.png,#c0c0c0,SM-X620NZAABVO,Gray,https://samsung-bolivia.s3.amazonaws.com/product-family-item-image-image/square/product-family-item-image-image_elqtEkScLn0CyhQ1fXU4.png,#808080,SM-X620NLBABVO,Blue,https://samsung-bolivia.s3.amazonaws.com/product-family-item-image-image/square/product-family-item-image-image_31LuofAblYgtpqx7dEIm.png,#bcd5ea,,,,,,,,
23,Galaxy Tab S10 Lite 5G + Cover + S Pen,tablets,0,0,https://samsung.com.bo/tablets/galaxy-tab-s/galaxy-tab-s10-lite-gray-128gb-sm-x406bzadbvo/,"Pantalla con Low Blue Light, soporte MicroSD hasta 2TB y diseño ligero.",,"[""128GB"", ""RAM 6GB""]",SM-X406BZADBVO,Gris,https://samsung-bolivia.s3.amazonaws.com/product-family-item-image-image/square/product-family-item-image-image_WxlKTwnyCDmuqzFNbOEc.png,#75787b,SM-X406BZSDBVO,Plata,https://samsung-bolivia.s3.amazonaws.com/product-family-item-image-image/square/product-family-item-image-image_YPRKew7SFfbTnNE3GDa9.png,#c7c8ca,SM-X406BZRDBVO,Rojo,https://samsung-bolivia.s3.amazonaws.com/product-family-item-image-image/square/product-family-item-image-image_F4sSOyLpDUMgr6HGaw3I.png,#d85f67,,,,,,,,
24,Galaxy Tab S10 FE Wi-Fi + Cover + S Pen,tablets,0,0,https://shop.samsung.com.bo/tablets/galaxy-tab-s/galaxy-tab-s10-fe-gray-256gb-sm-x520nzaebvo,"Pantalla 10.9, S Pen resistente al agua y batería de larga duración.",,"[""128 GB"",""256 GB""]",SM-X520NZAEBVO,Gray,https://samsung-bolivia.s3.amazonaws.com/product-family-item-image-image/square/product-family-item-image-image_X5rFtqA9YVJ1KPc0Tsen.png,#75787b,SM-X520NLBEBVO,Light Blue,https://samsung-bolivia.s3.amazonaws.com/product-family-item-image-image/square/product-family-item-image-image_d1FBthazoVnRm7ulp3xj.png,#aabdd4,SM-X520NZSEBVO,Silver,https://samsung-bolivia.s3.amazonaws.com/product-family-item-image-image/square/product-family-item-image-image_0FREPscT3MShGV8UoDdw.png,#c7c8ca,,,,,,,,
25,Galaxy Tab S6 Lite + S Pen,tablets,0,0,https://samsung.com.bo/tablets/galaxy-tab-s/galaxy-tab-s6-lite-10-4-inch-gray-64gb-wi-fi-sm-p625nzaabvo,"Diseño metálico 10.4, S Pen magnético, One UI y sonido AKG.",,"[""64GB"", ""RAM 4GB""]",SM-P615NZAUBVO,Gray,https://samsung-bolivia.s3.amazonaws.com/product-family-item-image-image/square/product-family-item-image-image_cK7fN9BtLdoA2XSxZHq4.png,#75787b,SM-P615NZBUBVO,Blue,https://samsung-bolivia.s3.amazonaws.com/product-family-item-image-image/square/product-family-item-image-image_rGWjUgBOQyw5XtRuT7YS.png,#3355e7,SM-P615NZIUBVO,Pink,https://samsung-bolivia.s3.amazonaws.com/product-family-item-image-image/square/product-family-item-image-image_igG8kdDq4CZSXIHA2pjU.png,#ffc6f4,SM-P625NLGABVO,Mint,https://samsung-bolivia.s3.amazonaws.com/product-family-item-image-image/square/product-family-item-image-image_5Z28sUpEyXz4AHDa0CmG.png,#d2deda,SM-P625NZAABVO,Dark Gray,https://samsung-bolivia.s3.amazonaws.com/product-family-item-image-image/square/product-family-item-image-image_8UeMwWFrhqJCBcOYvGgx.png,#312e31
26,Galaxy Tab A11 LTE,tablets,0,0,https://samsung.com.bo/tablets/galaxy-tab-a/galaxy-tab-a11-gray-64gb-sm-x133nzaal07/,"Conectividad LTE, diseño metálico moderno, pantalla fluida y multitarea mejorada.",,"[""64GB"", ""RAM 8GB""]",SM-X133NZAAL07,Gris,https://samsung-bolivia.s3.amazonaws.com/product-family-item-image-image/square/product-family-item-image-image_5eZYlAPvfhUIzSsWXTjd.png,#75787b,,,,,,,,,,,,,,,,
27,Galaxy Tab A9+ 5G,tablets,0,0,https://samsung.com.bo/tablets/galaxy-tab-a/galaxy-tab-a9-plus-5g-gray-64gb-sm-x216bzaabvo,"Gran pantalla envolvente, cámara versátil y un diseño elegante para tu entretenimiento diario.",,"[""64GB"", ""RAM 4GB""]",SM-X216BZAABVO,Gray,https://samsung-bolivia.s3.amazonaws.com/product-family-item-image-image/square/product-family-item-image-image_GVSg1FfkhnQMwBlorKJP.png,#2a3244,,,,,,,,,,,,,,,,
28,Galaxy Watch8 44mm,smartwatches,3696,0,https://samsung.com.bo/galaxy-watch/galaxy-watch8-44mm-silver-bluetooth-sm-l330nzsalta,"Diseño ultra delgado, procesador de 3nm, sensor BioActive avanzado y GPS de doble frecuencia.",,,SM-L330NZSALTA,Silver,https://samsung-bolivia.s3.amazonaws.com/product-family-item-image-image/square/product-family-item-image-image_Cni83qS4IomVYGdFb7P6.png,#c7c8ca,SM-L330NDAALTA,Graphite,https://samsung-bolivia.s3.amazonaws.com/product-family-item-image-image/square/product-family-item-image-image_s9BzxhCL0tVck1wQNfuA.png,#5b6166,,,,,,,,,,,,
29,Galaxy Watch8 40mm,smartwatches,3407,0,https://samsung.com.bo/galaxy-watch/galaxy-watch8-40mm-graphite-bluetooth-sm-l320ndaalta,"Diseño acolchado icónico, monitor de sueño con IA y pantalla más brillante.",,,SM-L320NZSALTA,Silver,https://samsung-bolivia.s3.amazonaws.com/product-family-item-image-image/square/product-family-item-image-image_9uv4ihWUsJkdFA3zZeg2.png,#c7c8ca,SM-L320NDAALTA,Graphite,https://samsung-bolivia.s3.amazonaws.com/product-family-item-image-image/square/product-family-item-image-image_ViOTFAIkqd72KnfMWsUX.png,#5b6166,,,,,,,,,,,,
30,Galaxy Watch7 44mm,smartwatches,3234,0,https://samsung.com.bo/watches/galaxy-watch/galaxy-watch7-44mm-green-bluetooth-sm-l310nzgalta,"Procesador de 3nm, GPS de doble frecuencia y monitoreo de salud con Galaxy AI.",,,SM-L310NZGALTA,Green,https://samsung-bolivia.s3.amazonaws.com/product-family-item-image-image/square/product-family-item-image-image_I42cMghpFfwX8o0Qb1JV.png,#6e6d63,SM-L310NZSALTA,Silver,https://samsung-bolivia.s3.amazonaws.com/product-family-item-image-image/square/product-family-item-image-image_E9v5fsMolA6hnDUaTxF4.png,#bdc0bf,,,,,,,,,,,,
31,Galaxy Watch7 40mm,smartwatches,3003,0,https://samsung.com.bo/watches/galaxy-watch/galaxy-watch7-40mm-green-bluetooth-sm-l300nzgalta,"Compacto y potente, control de gestos doble pellizco y batería de larga duración.",,,SM-L300NZGALTA,Verde,https://samsung-bolivia.s3.amazonaws.com/product-family-item-image-image/square/product-family-item-image-image_PHQG26DIV3dK5LlOoj1u.png,#6e6d63,SM-L300NZEALTA,Cream,https://samsung-bolivia.s3.amazonaws.com/product-family-item-image-image/square/product-family-item-image-image_olUm3QxXMKcYH9IVsb8D.png,#f0eae0,,,,,,,,,,,,
32,Galaxy Watch6 Classic 47mm,smartwatches,4216,0,#,"Bisel giratorio físico, pantalla de cristal de zafiro y diseño clásico de gran formato.",,,SM-R960NZSALTA,Silver,https://images.samsung.com/is/image/samsung/p6pim/py/2307/gallery/py-galaxy-watch6-classic-r965-sm-r960nzsalta-537413468?$Q90_1920_1280_F_PNG$,#c7c8ca,SM-R960NZKALTA,Black,https://images.samsung.com/is/image/samsung/p6pim/py/2307/gallery/py-galaxy-watch6-classic-r965-sm-r960nzkalta-537413441?$Q90_1920_1280_F_PNG$,#404145,,,,,,,,,,,,
33,Galaxy Watch6 Classic 43mm,smartwatches,3869,0,#,"Elegancia atemporal con bisel giratorio, seguimiento de salud 24/7 y diseño refinado.",,,SM-R950NZKAPHE,Silver,https://images.samsung.com/is/image/samsung/p6pim/es/2307/gallery/es-galaxy-watch6-classic-r955-sm-r950nzsaphe-537448677?$Q90_684_547_JPG$,#c7c8ca,SM-R950NZKAPHE,Black,https://images.samsung.com/is/image/samsung/p6pim/es/2307/gallery/es-galaxy-watch6-classic-r955-sm-r950nzkaphe-537448661?$Q90_684_547_JPG$,#404145,,,,,,,,,,,,
34,Galaxy Fit3,smartwatches,0,0,https://samsung.com.bo/watches/galaxy-fit/galaxy-fit3-gray-bluetooth-sm-r390nzaalta,"Pantalla AMOLED 1.6, batería de hasta 13 días y cuerpo de aluminio ligero.",,,SM-R390NZAALTA,Dark Gray,https://samsung-bolivia.s3.amazonaws.com/product-family-item-image-image/square/product-family-item-image-image_1LrK2vFdCEByIhfObwJG.png,#3d3f43,SM-R390NZSALTA,Silver,https://samsung-bolivia.s3.amazonaws.com/product-family-item-image-image/square/product-family-item-image-image_p9ObG0MRKFnzSmYQ5DLH.png,#e4e9e9,SM-R390NIDALTA,Pink Gold,https://samsung-bolivia.s3.amazonaws.com/product-family-item-image-image/square/product-family-item-image-image_lMObfmKkatZCeAqGWHrV.png,#fcd0b8,,,,,,,,
35,Galaxy Buds3 Pro,buds,0,0,https://samsung.com.bo/audio-sound/galaxy-buds/galaxy-buds3-pro-silver-sm-r630nzaalta,"Sonido Hi-Fi de 24 bits, diseño con Blade Lights, ANC adaptativo y traductor por IA.",,,SM-R630NZAALTA,Silver,https://samsung-bolivia.s3.amazonaws.com/product-family-item-image-image/square/product-family-item-image-image_piMoC0EIuVSTd6bkjfmt.png,#c0c0c0,SM-R630NZWALTA,White,https://samsung-bolivia.s3.amazonaws.com/product-family-item-image-image/original/product-family-item-image-image_4iRLEjodyAYpJNOk2txg.png,#ffffff,,,,,,,,,,,,
36,Galaxy Buds3,buds,0,0,https://samsung.com.bo/audio-sound/galaxy-buds/galaxy-buds3-silver-sm-r530nzaalta,"Diseño Open Type, ecualizador adaptativo con IA y sonido de alta resolución.",,,SM-R530NZAALTA,Silver,https://samsung-bolivia.s3.amazonaws.com/product-family-item-image-image/square/product-family-item-image-image_EeT0IlADbtuon6HxF7vC.png,#c0c0c0,SM-R530NZWALTA,White,https://samsung-bolivia.s3.amazonaws.com/product-family-item-image-image/square/product-family-item-image-image_5y1pb6TXMunx4DmscgF7.png,#ffffff,,,,,,,,,,,,
37,Galaxy Buds3 FE,buds,0,0,https://samsung.com.bo/audio-sound/galaxy-buds/galaxy-buds3-fe-black-sm-r420nzkalta,"Cancelación de ruido activa, ajuste ergonómico mejorado y bajos potentes.",,,SM-R420NZKALTA,Negro,https://samsung-bolivia.s3.amazonaws.com/product-family-item-image-image/square/product-family-item-image-image_cjZIW24QCtNxg8SEGa3e.png,#4c525c,SM-R420NZAALTA,Gris,https://samsung-bolivia.s3.amazonaws.com/product-family-item-image-image/square/product-family-item-image-image_xC31sn50Bh6UJplYHW2r.png,#c8ccca,,,,,,,,,,,,
38,Galaxy Buds2 Pro,buds,0,0,https://samsung.com.bo/audio-sound/galaxy-buds/galaxy-buds2-pro-bora-purple-sm-r510nlvalta,"Audio 360 inteligente, 24-bit Hi-Fi, diseño un 15% más pequeño y resistencia al agua IPX7.",,,SM-R510NLVALTA,Púrpura Bora,https://samsung-bolivia.s3.amazonaws.com/product-family-item-image-image/original/product-family-item-image-image_D09KOG52FUIoYjHEfvka.png,#b2a1cd,SM-R510NZAALTA,Graphite,https://samsung-bolivia.s3.amazonaws.com/product-family-item-image-image/square/product-family-item-image-image_3KQhIo6qswCa41ZLgYpA.png,#494d53,SM-R510NZWALTA,Blanco,https://samsung-bolivia.s3.amazonaws.com/product-family-item-image-image/square/product-family-item-image-image_YH3ntiy0ZU7ImLjMhNxf.png,#ffffff,,,,,,,,
39,Galaxy Buds2,buds,0,0,https://samsung.com.bo/audio-sound/galaxy-buds/galaxy-buds2-olive-sm-r177nzgalta,"Sonido equilibrado con parlantes duales, ANC y ajuste ligero de 5g.",,,SM-R177NZGALTA,Oliva,https://samsung-bolivia.s3.amazonaws.com/product-family-item-image-image/square/product-family-item-image-image_6PT87JciGVvxMXt4yWAO.png,#8f8b75,SM-R177NZKALTA,Grafito,https://samsung-bolivia.s3.amazonaws.com/product-family-item-image-image/square/product-family-item-image-image_NiS36VXCyAIWoJlQbYgO.png,#494d53,SM-R177NLVALTA,Lavanda,https://samsung-bolivia.s3.amazonaws.com/product-family-item-image-image/square/product-family-item-image-image_BN64VseZOfqnGDTxLXak.png,#bfb1d2,SM-R177NZWALTA,Blanco,https://samsung-bolivia.s3.amazonaws.com/product-family-item-image-image/square/product-family-item-image-image_FOuWErdtPejbHRkqYpcG.png,#ffffff,,,,
40,Galaxy Buds Core,buds,0,0,https://samsung.com.bo/audio-sound/galaxy-buds/galaxy-buds-core-black-sm-r410nzkalta,"Modelo esencial 2026: Sonido claro, diseño compacto y batería de larga duración para el día a día.",,,SM-R410NZKALTA,Negro,https://samsung-bolivia.s3.amazonaws.com/product-family-item-image-image/square/product-family-item-image-image_aVmNiEWpRxBCnzr5To6G.png,#000000,SM-R410NZWALTA,Blanco,https://samsung-bolivia.s3.amazonaws.com/product-family-item-image-image/square/product-family-item-image-image_5Q4EHBkZ2w0pG3qhFISL.png,#ffffff,,,,,,,,,,,,
41,Galaxy Book4,laptops,0,0,https://samsung.com.bo/computers/galaxy-book/galaxy-book4-15-6-inch-16gb-512gb-np750xgk-ka3cl,"Pantalla 15.6 FHD, Intel Core 5, cuerpo metálico completo y RJ45 integrado.",,,NP750XGK-KA3CL,Silver,https://samsung-bolivia.s3.amazonaws.com/product-family-item-image-image/square/product-family-item-image-image_fEVqT9UDmt8PA0rzeWKQ.png,#c0c0c0,NP750XGK-KG1CL,Gray,https://samsung-bolivia.s3.amazonaws.com/product-family-item-image-image/square/product-family-item-image-image_GSyYnXreziKp64Pd2vms.png,#606e81,,,,,,,,,,,,
42,Galaxy Book3 Ultra,laptops,0,0,https://samsung.com.bo/galaxy-book/galaxy-book3-ultra-16-inch-i7-16gb-1tb-np960xfh-xa1cl,"Pantalla 16 3K AMOLED 120Hz, Intel Core i7 Serie H, NVIDIA GeForce RTX 4050.",,,NP960XFH-XA1CL,Grafito,https://samsung-bolivia.s3.amazonaws.com/product-family-item-image-image/square/product-family-item-image-image_dW0RSk1j82cues3YMZw5.png,#545356,,,,,,,,,,,,,,,,
43,Galaxy Book3 Pro,laptops,0,0,https://shop.samsung.com.bo/galaxy-book/galaxy-book3-pro-16-inch-i7-16gb-512gb-np960xfg-kc2cl/,"Pantalla 16 Dynamic AMOLED 2X, diseño ultradelgado y procesador Intel Evo i7.",,,NP960XFG-KC2CL,Grafito,https://samsung-bolivia.s3.amazonaws.com/product-family-item-image-image/square/product-family-item-image-image_QclmXdhMFWtCx18B7Dug.png,#545356,,,,,,,,,,,,,,,,
44,Galaxy Book3 360,laptops,0,0,https://samsung.com.bo/galaxy-book/galaxy-book3-360-15-6-inch-i7-8gb-512gb-np750qfg-kb2cl,"Diseño 2 en 1 con S Pen, pantalla Super AMOLED táctil y procesador Intel Core i7.",,,NP750QFG-KB2CL,Silver,https://samsung-bolivia.s3.amazonaws.com/product-family-item-image-image/square/product-family-item-image-image_sdr1S9KelpEXAIqR7nCT.png,#c0c0c0,,,,,,,,,,,,,,,,
45,Galaxy Book3,laptops,0,0,https://samsung.com.bo/galaxy-book/galaxy-book3-15-6-inch-int-i5-8gb-512gb-np750xfg-kb3cl,"Pantalla 15.6, puertos completos (HDMI/USB-A/C) y cuerpo delgado de aluminio.",,,NP750XFG-KB3CL,Plateado místico,https://samsung-bolivia.s3.amazonaws.com/product-family-item-image-image/square/product-family-item-image-image_JlIFk7dpReOAXmCSbxsH.png,#c9c9c8,,,,,,,,,,,,,,,,
46,Galaxy Book2 Pro 360,laptops,0,0,https://shop.samsung.com.bo/galaxy-book/galaxy-book2-pro-360,"Laptop 2 en 1 ultra ligera, pantalla Super AMOLED y S Pen incluido en caja.",,,NP930QED-KH1CL,Burgundy,https://samsung-bolivia.s3.amazonaws.com/product-family-item-image-image/square/product-family-item-image-image_LXav6xbKN2EBlQ3SUgm7.png,#6b4650,,,,,,,,,,,,,,,,
47,Galaxy Book2 Pro,laptops,0,0,https://shop.samsung.com.bo/computers/galaxy-book/galaxy-book2-pro-15inch-i7-16gb-512gb-np950xee-xa1cl,"Movilidad extrema (0.87kg), pantalla AMOLED y procesador Intel Core i5 certificado Evo.",,,NP950XEE-XA1CL,Graphite,https://samsung-bolivia.s3.amazonaws.com/product-family-item-image-image/square/product-family-item-image-image_VkiX8IzSMaO6dBZTUbgL.png,#494d53,,,,,,,,,,,,,,,,
48,Galaxy Book2,laptops,0,0,https://samsung.com.bo/computers/galaxy-book/galaxy-book2-15inch-i7-8gb-512gb-np750xed-kc1cl,"Pantalla 15.6 antirreflejo, gran rendimiento Intel Core i5 y ranura extra para SSD.",,,NP750XED-KC1CL,Silver,https://samsung-bolivia.s3.amazonaws.com/product-family-item-image-image/square/product-family-item-image-image_RCoq9k6KpjYDUi4T8rBQ.png,#c0c0c0,,,,,,,,,,,,,,,,
49,Cables (USB-C),accessories,0,0,https://samsung.com.bo/mobile-accessories/usb-cable-3a-usb-c-to-usb-c-black-ep-dx310jbegww,"Cable Tipo C a Tipo C (1.8m), carga rápida hasta 60W y transferencia de datos USB 2.0.",,,EP-DX310JBEGWW,Negro,https://samsung-bolivia.s3.amazonaws.com/product-family-item-image-image/square/product-family-item-image-image_jh9deqOk67TbM1gtaQYy.png,#000000,EP-DX310JWEGWW,Blanco,https://samsung-bolivia.s3.amazonaws.com/product-family-item-image-image/square/product-family-item-image-image_Cgos7MT2qil538PZHDtn.png,#ffffff,,,,,,,,,,,,
50,Cargador 25W,accessories,0,0,https://samsung.com.bo/mobile-accessories/wall-charger-for-super-fast-charging-25w-black-ep-ta800nbegmx,"Cargador de pared Super Fast Charging (25W), compatible con PD 3.0.",,,EP-TA800NBEGWW,Negro,https://samsung-bolivia.s3.amazonaws.com/product-family-item-image-image/square/product-family-item-image-image_6ChcXbfR1ENPvu5iVnIQ.png,#000000,,,,,,,,,,,,,,,,
51,Cargador 45W,accessories,0,0,https://shop.samsung.com.bo/mobile-accessories/,"Adaptador de viaje 45W, Super Fast Charging 2.0 para modelos Ultra.",,,EP-TA845XWEGCH,Blanco,https://samsung-bolivia.s3.amazonaws.com/product-family-item-image-image/square/product-family-item-image-image_SDo5BCOANat68TIMsXkc.png,#ffffff,,,,,,,,,,,,,,,,
52,Funda Teclado Tab S10 FE+,accessories,0,0,#,"Teclado Book Cover con trackpad, diseño magnético y modo DeX.",,,EF-DX620BBEGES,Negro,https://images.samsung.com/is/image/samsung/p6pim/cl/ef-dx620bbeges/gallery/cl-galaxy-tab-s10-fe-plus-book-cover-keyboard-slim-ai-ef-dx620-ef-dx620bbeges-546800937?$Q90_1368_1094_F_JPG$,#000000,,,,,,,,,,,,,,,,
53,Funda Teclado Tab S10 FE,accessories,0,0,#,"Teclado delgado y ligero, compartimento para S Pen y conexión POGO.",,,EF-DX620BBEGES,Negro,https://samsungar.vtexassets.com/arquivos/ids/209762-1200-auto?width=1200&height=auto&aspect=true,#000000,,,,,,,,,,,,,,,,
54,"55"" Crystal UHD 4K DU8000 Smart TV (2024)",televisions,0,0,https://samsung.com.bo/tvs/uhd-4k-tv/du8000-55-inch-crystal-uhd-4k-tizen-os-smart-tv-un55du8000gxzs,"Sumergete en mil millones de tonos de color para una imagen clara y llena de detalle",,,UN55DU8000GXZS,Negro,https://samsung-bolivia.s3.amazonaws.com/product-family-item-image-image/square/product-family-item-image-image_ImkfcVMrtUGxSCTOywjK.png,#000000,,,,,,,,,,,,,,,,
55,"65"" Crystal UHD 4K U8000F Smart TV",televisions,0,0,https://samsung.com.bo/tvs/uhd-4k-tv/u8000f-65-inch-crystal-uhd-4k-smart-tv-un65u800fgxzs,"Sumergete en mil millones de tonos de color para una imagen clara y llena de detalle",,,UN65U8000FGXZS,Negro,https://samsung-bolivia.s3.amazonaws.com/product-family-item-image-image/square/product-family-item-image-image_QpGz43vgsMNwIVbXqoLF.png,#000000,,,,,,,,,,,,,,,,
56,"50"" Crystal UHD 4K DU8000 Smart TV (2024)",televisions,0,0,https://samsung.com.bo/tvs/uhd-4k-tv/du8000-50-inch-crystal-uhd-4k-tizen-os-smart-tv-un50du8000gxzs,"Sumergete en mil millones de tonos de color para una imagen clara y llena de detalle",,,UN50DU8000GXZS,Negro,https://samsung-bolivia.s3.amazonaws.com/product-family-item-image-image/square/product-family-item-image-image_KDOShpEvQ4lBfnFIo5xq.png,#000000,,,,,,,,,,,,,,,,
57,65 The Frame QLED 4K Smart TV (2024),televisions,0,0,https://samsung.com.bo/lifestyle-tvs/the-frame/ls03d-65-inch-black-qn65ls03dagxzs,Televisor o cuadro de arte tu eliges; disfruta de tu pantalla anti-reflejo con matte display,,,QN65LS03DAGXZS,Negro,https://samsung-bolivia.s3.amazonaws.com/product-family-item-image-image/square/product-family-item-image-image_m8TwsQ7c1RFViLxje3vO.png,#000000,,,,,,,,,,,,,,,,
58,43 The Sero QLED 4K Smart TV (2022),televisions,0,0,https://samsung.com.bo/lifestyle-tvs/the-sero/ls05b-43-inch-the-sero-qled-4k-smart-tv-navy-blue-qn43ls05bagxzs,Gira como tu celular; ideal para ver tus redes sociales en pantalla grande con la tecnologia QLED,,,QN43LS05BAGXZS,Negro,https://samsung-bolivia.s3.amazonaws.com/product-family-item-image-image/square/product-family-item-image-image_1pKnYslaFjbt7vTPzmAZ.png,#000000,,,,,,,,,,,,,,,,
59,98 Crystal UHD 4K DU9000 Smart TV (2024),televisions,0,0,https://samsung.com.bo/tvs/uhd-4k-tv/du9000-98-inch-crystal-uhd-4k-tizen-os-smart-tv-un98du9000gxzs,"Sumergete en mil millones de tonos de color para una imagen clara y llena de detalle",,,UN98DU9000GXZS,Negro,https://samsung-bolivia.s3.amazonaws.com/product-family-item-image-image/square/product-family-item-image-image_Uh2PdWwkltZ9JBaoFK1u.png,#000000,,,,,,,,,,,,,,,,
60,85 QLED 4K Q70A Smart TV (2021),televisions,0,0,https://samsung.com.bo/tvs/qled,Hasta 100% de volumen de color con brillo que resalta incluso de dia,,,QN85Q70AAGXZS,Negro,https://samsung-bolivia.s3.amazonaws.com/product-family-item-image-image/square/product-family-item-image-image_Je9G8vLxcWoRBu6Qj3CO.png,#000000,,,,,,,,,,,,,,,,
61,50 QLED Q7FA 4K Vision Al Smart TV (2025),televisions,0,0,https://shop.samsung.com.bo/tvs/qled-tv/q7f-50-inch-qled-4k-smart-tv-qn50q7faagxzs,Hasta 100% de volumen de color con brillo que resalta incluso de dia,,,QN50Q6FAAGXZS,Negro,https://samsung-bolivia.s3.amazonaws.com/product-family-item-image-image/square/product-family-item-image-image_5GWkeRcMV4v2oZByOLHb.png,#000000,,,,,,,,,,,,,,,,
62,55 QLED Q7FA 4K Vision Al Smart TV (2025),televisions,0,0,https://samsung.com.bo/tvs/qled-tv/q7f-55-inch-qled-4k-smart-tv-qn55q7faagxzs,Hasta 100% de volumen de color con brillo que resalta incluso de dia,,,QN55Q6FAAGXZS,Negro,https://samsung-bolivia.s3.amazonaws.com/product-family-item-image-image/square/product-family-item-image-image_J19o5VW0lxjv8ZAPXb3q.png,#000000,,,,,,,,,,,,,,,,
63,75 QLED Q7FA 4K Vision Al Smart TV (2025),televisions,0,0,https://samsung.com.bo/tvs/qled-tv/q7f-75-inch-qled-4k-smart-tv-qn75q7faagxzs,Hasta 100% de volumen de color con brillo que resalta incluso de dia,,,QN75Q6FAAGXZS,Negro,https://samsung-bolivia.s3.amazonaws.com/product-family-item-image-image/square/product-family-item-image-image_Fh0QtAWP2TrMlOyfKH3i.png,#000000,,,,,,,,,,,,,,,,
64,65 QLED Q7FA 4K Vision Al Smart TV (2025),televisions,0,0,https://samsung.com.bo/tvs/qled-tv/q7f-65-inch-qled-4k-smart-tv-qn65q7faagxzs,Hasta 100% de volumen de color con brillo que resalta incluso de dia,,,QN65Q6FAAGXZS,Negro,https://samsung-bolivia.s3.amazonaws.com/product-family-item-image-image/square/product-family-item-image-image_y3SazKNiqZL2GgWMDAB1.png,#000000,,,,,,,,,,,,,,,,
65,Televisor Smart 85 QLED 4K Q7F (2025),televisions,0,0,https://samsung.com.bo/tvs/qled-tv/q7f-85-inch-qled-4k-smart-tv-qn85q7faagxzs,Hasta 100% de volumen de color con brillo que resalta incluso de dia,,,QN85Q7FAAGXZS,Negro,https://samsung-bolivia.s3.amazonaws.com/product-family-item-image-image/square/product-family-item-image-image_y3SazKNiqZL2GgWMDAB1.png,#000000,,,,,,,,,,,,,,,,
66,65 OLED 4K S85F Smart TV (2025),televisions,0,0,https://samsung.com.bo/tvs/oled-tv/s90f-65-inch-oled-4k-smart-tv-qn65s90faexzs,"Tecnología OLED con negros profundos, Pantone Validated y diseño LaserSlim.",,,QN65S90FAEXZS,Negro,https://samsung-bolivia.s3.amazonaws.com/product-family-item-image-image/square/product-family-item-image-image_aBiCzY5V7jtclEme09N6.png,#000000,,,,,,,,,,,,,,,,
67,Monitor 22 FHD IPS 75Hz (Essential S3) ,monitors,0,0,#,"Panel IPS, frecuencia 75Hz, AMD FreeSync y diseño sin bordes.",,,LS22C310EALXZS,Negro,https://samsung-bolivia.s3.amazonaws.com/product-family-item-image-image/square/product-family-item-image-image_nKcECHIJmxFvTszBuRWi.png,#000000,,,,,,,,,,,,,,,,
68,Monitor 27 FHD IPS 75Hz (Essential S3),monitors,0,0,https://samsung.com.bo/monitors/flat/essential-monitor-s3-24-inch-borderless-design-ips-panel-fhd-freesync-ls24c310ealxzs/,"Pantalla amplia 27, protección visual Eye Saver y panel IPS.",,,LS27C310EALXZS,Negro,https://samsung-bolivia.s3.amazonaws.com/product-family-item-image-image/square/product-family-item-image-image_nKcECHIJmxFvTszBuRWi.png,#000000,,,,,,,,,,,,,,,,
69,Monitor 24 FHD IPS 75Hz (Essential S3),monitors,0,0,https://samsung.com.bo/monitors/flat/essential-monitor-s3-24-inch-borderless-design-ips-panel-fhd-freesync-ls24c310ealxzs/,"Tamaño estándar 24, Modo Juego y panel IPS vibrante.",,,LS24C310EALXZS,Negro,https://samsung-bolivia.s3.amazonaws.com/product-family-item-image-image/square/product-family-item-image-image_H03KQGCqLBhyax9zYskp.png,#000000,,,,,,,,,,,,,,,,
70,Monitor Gamer Curvo 27 QHD 240Hz Odyssey G6,monitors,0,0,https://samsung.com.bo/monitors/gaming/odyssey-g65b-g6-27-inch-240hz-1ms-curved-qhd-1440p-ls27bg650elxzs,"Curvatura 1000R, QHD, 240Hz y Smart TV Apps integradas.",,,LS27BG650ELXZS,Negro,https://samsung-bolivia.s3.amazonaws.com/product-family-item-image-image/square/product-family-item-image-image_f3zNX7xI1SBGJ84ZQlpW.png,#000000,,,,,,,,,,,,,,,,
71,Monitor Gamer Curvo 32 QHD 240Hz Odyssey G6,monitors,0,0,https://samsung.com.bo/monitors/gaming/odyssey-g65b-g6-32-inch-240hz-1ms-curved-qhd-1440p-ls32bg650elxzs,"Pantalla grande 32, 1ms respuesta y AMD FreeSync Premium Pro.",,,LS32BG650ELXZS,Negro,https://samsung-bolivia.s3.amazonaws.com/product-family-item-image-image/square/product-family-item-image-image_A927JViBuNCDeI08sW6g.png,#000000,,,,,,,,,,,,,,,,
72,Monitor Gamer Plano 27 FHD 180Hz Odyssey G3,monitors,0,0,https://samsung.com.bo/monitors/gaming/odyssey-g3-g30d-27-inch-180hz-freesync-ls27dg300elxzs,"Frecuencia 180Hz (Modelo 2025), 1ms y soporte ajustable.",,,LS27DG300ELXZS,Negro,https://samsung-bolivia.s3.amazonaws.com/product-family-item-image-image/original/product-family-item-image-image_kj72sdPaqKnIScu9mb4f.png,#000000,,,,,,,,,,,,,,,,
73,Monitor Gamer 28 UHD 144Hz Odyssey G7,monitors,0,0,https://samsung.com.bo/monitors/gaming/odyssey-g70b-g7-28-inch-ips-144hz-1ms-uhd-4k-ls28bg700elxzs,"Resolución 4K UHD, panel IPS, 144Hz y G-Sync Compatible.",,,LS28BG700ELXZS,Negro,https://samsung-bolivia.s3.amazonaws.com/product-family-item-image-image/square/product-family-item-image-image_ubvtW7XEN8y05k9ODljY.png,#000000,,,,,,,,,,,,,,,,
74,Monitor Gamer Plano 32 FHD 165Hz Odyssey G3,monitors,0,0,https://samsung.com.bo/monitors/gaming/odyssey-g3-g30d-32-inch-180hz-freesync-ls32dg300elxzs,"Pantalla 32 inmersiva, 165Hz y diseño sin bordes en 3 lados.",,,LS32DG300ELXZS,Negro,https://samsung-bolivia.s3.amazonaws.com/product-family-item-image-image/original/product-family-item-image-image_eJGjViTSX6K5aWQyBxRv.png,#000000,,,,,,,,,,,,,,,,
75,Monitor Gamer Plano 24 FHD 180Hz Odyssey G3,monitors,0,0,https://samsung.com.bo/monitors/gaming/odyssey-g3-g30d-24-inch-180hz-freesync-ls24dg300elxzs,"Esencial Gaming: 24, 180Hz (G30D) y FreeSync.",,,LS24DG300ELXZS,Negro,https://samsung-bolivia.s3.amazonaws.com/product-family-item-image-image/square/product-family-item-image-image_UKyORbzmvDhYLfIT9WNJ.png,#000000,,,,,,,,,,,,,,,,
76,Lavadora Carga Superior 13Kg c/ Eco Bubble,washing_machines,0,0,https://samsung.com.bo/washers-and-dryers/washing-machines/wa5000c-top-load-ecobubble-digital-inverter-technology-super-speed-13kg-white-wa13cg5441bwzs,"Tecnología EcoBubble, Motor Digital Inverter y Tapa de cierre suave.",,,WA13CG5441BWZS,White,https://samsung-bolivia.s3.amazonaws.com/product-family-item-image-image/square/product-family-item-image-image_su85rYTHDQ31oNcFkqKC.png,#ffffff,WA13CG5441BDZS,Gray,https://samsung-bolivia.s3.amazonaws.com/product-family-item-image-image/square/product-family-item-image-image_Uo1X7Wfh25ta9TM0Oszx.png,#808080,,,,,,,,,,,,
77,Lavadora Carga Superior 13Kg c/ Wobble,washing_machines,0,0,https://shop.samsung.com.bo/washers-and-dryers/washing-machines/top-load-13kg-white-wa13t5260bw-zs,"Tecnología Wobble anti-enredos, Motor DIT y diseño moderno.",,,WA13T5260BW/ZS,Blanco,https://samsung-bolivia.s3.amazonaws.com/product-family-item-image-image/square/product-family-item-image-image_JT9UujprqxAOCeYIymol.png,#ffffff,WA13T5260BY/ZS,Gris,https://samsung-bolivia.s3.amazonaws.com/product-family-item-image-image/square/product-family-item-image-image_EkvnsOYoGfTQXcBILRhS.png,#777777,,,,,,,,,,,,
78,Lavadora Carga Superior 13Kg c/ Wobble,washing_machines,0,0,https://samsung.com.bo/washers-and-dryers/washing-machines/wa5000c-top-load-ecobubble-digital-inverter-technology-super-speed-13kg-white-wa13cg5441bwzs,"Tecnología Wobble, Lavado Intenso y ahorro de energía.",,,WA13CG5441BWZS,White,https://samsung-bolivia.s3.amazonaws.com/product-family-item-image-image/square/product-family-item-image-image_su85rYTHDQ31oNcFkqKC.png,#ffffff,WA13CG5441BDZS,Gray,https://samsung-bolivia.s3.amazonaws.com/product-family-item-image-image/square/product-family-item-image-image_Uo1X7Wfh25ta9TM0Oszx.png,#808080,,,,,,,,,,,,
79,Lavadora Carga Superior 15Kg c/ Wobble,washing_machines,0,0,https://samsung.com.bo/washers-and-dryers/washing-machines/top-load-15kg-white-wa15t5260bw-zs,"Capacidad 15Kg, Pulsador Wobble y 20 años de garantía en motor.",,,WA15T5260BW/ZS,White,https://samsung-bolivia.s3.amazonaws.com/product-family-item-image-image/square/product-family-item-image-image_zn79NiAjgpXSa02KERrW.png,#ffffff,WA15T5260BY/ZS,Gris,https://samsung-bolivia.s3.amazonaws.com/product-family-item-image-image/square/product-family-item-image-image_TMWkD26xISQhd3vbeO7F.png,#777777,,,,,,,,,,,,
80,Lavadora Carga Superior 17Kg c/ Wobble,washing_machines,0,0,https://samsung.com.bo/washers-and-dryers/washing-machines/top-load-17kg-gray-wa17t6260by-zs,"Gran capacidad 17Kg, Deep Softener y Filtro Mágico.",,,WA17T6260BW/ZS,Blanco,https://samsung-bolivia.s3.amazonaws.com/product-family-item-image-image/square/product-family-item-image-image_YkB05w9Ql83DgzETLKJu.png,#ffffff,WA17T6260BY/ZS,Gris,https://samsung-bolivia.s3.amazonaws.com/product-family-item-image-image/square/product-family-item-image-image_QGcUNDwCiW8fRAjSaT1l.png,#808080,,,,,,,,,,,,
81,Lavadora Carga Superior 19Kg c/ Eco Bubble ,washing_machines,0,0,https://samsung.com.bo/washers-and-dryers/washing-machines/wa6000c-top-load-ecobubble-digital-inverter-technology-super-speed-19kg-gray-wa19cg6441bdzs,"EcoBubble con Dual Storm, Speed Spray (Lavado 31min) y SmartThings.",,,WA19CG6441BDZS,Gris,https://samsung-bolivia.s3.amazonaws.com/product-family-item-image-image/square/product-family-item-image-image_gkcsF4KAm19xdWathDey.png,#808080,WA19CG6745BVZS,Negro,https://samsung-bolivia.s3.amazonaws.com/product-family-item-image-image/square/product-family-item-image-image_4ALNrH3PaGJvw50B6Ykz.png,#000000,,,,,,,,,,,,
82,Lavadora Carga Superior 19Kg c/ Wobble,washing_machines,0,0,https://samsung.com.bo/washers-and-dryers/washing-machines/top-load-19kg-black-caviar-wa19t6260bv-bo,"Lavadora de carga superior con dosificador Magic Dispenser, lavado intenso y suavizante potente",,,WA19T6260BV/BO,Negro,https://samsung-bolivia.s3.amazonaws.com/product-family-item-image-image/square/product-family-item-image-image_Xm1ChpOI24nkMTocUZfy.png,#000000,WA19T6260BY/BO,Gris,https://samsung-bolivia.s3.amazonaws.com/product-family-item-image-image/square/product-family-item-image-image_2EcOMLa84g03ws7PhJld.png,#808080,,,,,,,,,,,,
83,Lavadora Carga Superior 22Kg c/ Bubble Storm,washing_machines,0,0,https://samsung.com.bo/washers-and-dryers/washing-machines/ww8800a-22kg-black-wa22a8370gv-bo,"Heavy Duty+, BubbleStorm para lavado rápido y gran capacidad 22kg.",,,WA22A8370GV/BO,Negro,https://samsung-bolivia.s3.amazonaws.com/product-family-item-image-image/square/product-family-item-image-image_Efvjbaz4T2p1qsVgYC8N.png,#000000,,,,,,,,,,,,,,,,
84,Lavadora Carga Frontal 10.5Kg c/ Eco Bubble,washing_machines,6468,0,https://samsung.com.bo/washers-and-dryers/washing-machines/ww5000t-front-loading-hygiene-steam-dit-10-5kg-white-ww10ta040ce-bo,"Lavado con IA (AI Control), EcoBubble y Dispensador Automático.",,,WW10TA040CX/BO,Gris,https://samsung-bolivia.s3.amazonaws.com/product-family-item-image-image/square/product-family-item-image-image_krILGRP5XyFmbe0hjVWJ.png,#808080,,,,,,,,,,,,,,,,
84,Lavadora Carga Frontal 10.5Kg c/ Eco Bubble,washing_machines,6122,0,https://samsung.com.bo/washers-and-dryers/washing-machines/ww5000t-front-loading-hygiene-steam-dit-10-5kg-white-ww10ta040ce-bo,"Lavado con IA (AI Control), EcoBubble y Dispensador Automático.",,,WW10TA040CE/BO,Blanco,https://samsung-bolivia.s3.amazonaws.com/product-family-item-image-image/square/product-family-item-image-image_3uKoTkXGRYyDQgqJ6Sbz.png,#ffffff,,,,,,,,,,,,,,,,
85,Lavadora Carga Superior 9Kg c/ Wobble,washing_machines,0,0,https://samsung.com.bo/washers/wa90h4400sw,"Modelo compacto, Wobble Technology y secado de aire turbo.",,,WA90H4400SW,Blanco,https://samsung-bolivia.s3.amazonaws.com/product-family-item-image-image/square/product-family-item-image-image_dxZmHuRywXpgqTN0LfMe.png,#ffffff,,,,,,,,,,,,,,,,
86,Lavadora Carga Frontal 8.5Kg c/ Lavado Rápido,washing_machines,4736,0,https://samsung.com.bo/washers-and-dryers/washing-machines/front-load-8-5kg-white-ww85t3040bw-bo,"Motor Digital Inverter, Lavado Rápido 18min y Limpieza de Tambor.",,,WW85T3040BW/BO,Blanco,https://samsung-bolivia.s3.amazonaws.com/product-family-item-image-image/square/product-family-item-image-image_DOBy17IHf4CUA8VwtipF.png,#ffffff,,,,,,,,,,,,,,,,
86,Lavadora Secadora Bespoke 14Kg / 9Kg con Inteligencia Artificial en Ecobubble,washing_machines,0,0,https://shop.samsung.com.bo/washers-and-dryers/washer-dryer-combo/wd9000b-washer-dryer-combo-ai-ecobubble-quickdrive-ai-control-14kg-plus-9kg-black-wd14bb904dgbzs/,"Lavado inteligente y suave. Dedica menos tiempo al lavado. Cuando está activado, QuickDrive. Lavado inteligente",,,WD14BB904DGBZS,Negro,https://samsung-bolivia.s3.amazonaws.com/product-family-item-image-image/square/product-family-item-image-image_oFWCTD4th2lRYEz3nQ0S.png,#000000,,,,,,,,,,,,,,,,
87,Lavadora Carga Superior 8Kg c/ Wobble,washing_machines,0,0,https://samsung.com.bo/lavadoras/WA80H4200SW,"Diseño duradero, tina de diamantes y panel de control trasero.",,,WA80H4200SW,Blanco,https://samsung-bolivia.s3.amazonaws.com/product-family-item-image-image/square/product-family-item-image-image_CFsI3gma41uDhQrA7LS8.png,#ffffff,,,,,,,,,,,,,,,,
88,Lavadora Secadora 12.5Kg/7Kg con IA,washing_machines,6930,0,https://samsung.com.bo/washers-and-dryers/washer-dryer-combo/wd7500t-front-loading-eco-bubble-quickdrive-ai-control-12-5kg-gray-wd12t754dbn-bo,"Lavaseca 2 en 1, EcoBubble, Air Wash (Desodorizar) y AI Control.",,,WD12T704DBX/ZS,Gray,https://samsung-bolivia.s3.amazonaws.com/product-family-item-image-image/square/product-family-item-image-image_LMZcfWrj4VIyn51mxdGR.png,#808080,,,,,,,,,,,,,,,,
88,Lavadora Secadora 12.5Kg/7Kg con IA,washing_machines,0,0,https://samsung.com.bo/washers-and-dryers/washing-machines/ww5100t-front-loading-eco-bubble-ai-control-hygiene-steam-12-5kg-white-ww12t504dce-zs,"Lavaseca 2 en 1, EcoBubble, Air Wash (Desodorizar) y AI Control.",,,WW12T504DCE/ZS,Blanco,https://samsung-bolivia.s3.amazonaws.com/product-family-item-image-image/square/product-family-item-image-image_LMZcfWrj4VIyn51mxdGR.png,#ffffff,,,,,,,,,,,,,,,,
89,Refrigerador Top Freezer 234L c/ All Around Cooling,refrigerators,0,0,https://samsung.com.bo/refrigerators/top-mount-freezer/refrigerator-234l-silver-rt22farads8-zs,"Sistema All-Around Cooling, Digital Inverter y compresor duradero (234L útil).",,"[""234L""]",RT22FARADS8/ZS,Plateado,https://samsung-bolivia.s3.amazonaws.com/product-family-item-image-image/square/product-family-item-image-image_5COYXBSuT1VHEmLe0tAG.png,#dbdbdb,,,,,,,,,,,,,,,,
90,Refrigerador Top Mount Freezer 301L c/ Space Max,refrigerators,0,0,https://samsung.com.bo/refrigerators/top-mount-freezer/rt5300c-top-mount-freezer-spacemax-301l-silver-rt31cg5420s9zs,"Tecnología SpaceMax (paredes finas), All-Around Cooling y 301L efectivos.",,"[""301L""]",RT31CG5420S9ZS,Silver,https://samsung-bolivia.s3.amazonaws.com/product-family-item-image-image/square/product-family-item-image-image_sljpqH4KTY7JcAitRfzn.png,#c0c0c0,,,,,,,,,,,,,,,,
91,Refrigerador Top Freezer 526L c/Twin Cooling Plus,refrigerators,0,0,https://samsung.com.bo/refrigeradores/RT53K6541BS,"Twin Cooling Plus (No mezcla olores), 5 modos de conversión y dispensador.",,"[""526L""]",RT53K6541BS/ZS,Negro,https://samsung-bolivia.s3.amazonaws.com/product-family-item-image-image/square/product-family-item-image-image_EZwrpQvh7dGJfLz8O4SD.png,#000000,RT53K6541SL/ZS,Silver,https://samsung-bolivia.s3.amazonaws.com/product-family-item-image-image/original/product-family-item-image-image_ZeLXNjyAPOFGD8znriCB.png,#d3d3d3,,,,,,,,,,,,
92,Refrigerador Side by Side 490 L con Twist Ice Maker,refrigerators,0,0,https://samsung.com.bo/refrigerators/side-by-side/rs3000bm-side-by-side-modern-and-sleek-design-490l-black-rs52b3000b4-zs,"Diseño minimalista Side by Side, All-Around Cooling y compresor silencioso.",,"[""490L""]",RS52B3000M9/ZS,Silver,https://samsung-bolivia.s3.amazonaws.com/product-family-item-image-image/square/product-family-item-image-image_C81GHQufw5rAhnMT7XUt.png,#d3d3d3,RS52B3000B4/ZS,Black,https://samsung-bolivia.s3.amazonaws.com/product-family-item-image-image/square/product-family-item-image-image_6d7ECzRqcX2IgZFSH1Vt.png,#000000,,,,,,,,,,,,
93,French Door de 425 L con Twin Cooling Plus,refrigerators,0,0,https://samsung.com.bo/refrigerators/french-door/rf5000a-425l-black-rf44a5202b1-zs,"Puerta Francesa (Twin Cooling), dispensador de agua externo y caja de vegetales.",,"[""425L""]",RF44A5202B1/ZS,Negro,https://samsung-bolivia.s3.amazonaws.com/product-family-item-image-image/square/product-family-item-image-image_xgmOh0RCkMKVTP5WieGE.png,#000000,,,,,,,,,,,,,,,,
94,Refrigerador Top Freezer 526L c/ Twin Cooling Plus,refrigerators,0,0,https://samsung.com.bo/refrigeradores/RT53K6541BS,"Edición Black Inox, Twin Cooling, Smart Conversion y Power Cool/Freeze.",,"[""526L""]",RT53K6541BS/ZS,Negro,https://samsung-bolivia.s3.amazonaws.com/product-family-item-image-image/square/product-family-item-image-image_EZwrpQvh7dGJfLz8O4SD.png,#000000,RT53K6541SL/ZS,Silver,https://samsung-bolivia.s3.amazonaws.com/product-family-item-image-image/original/product-family-item-image-image_ZeLXNjyAPOFGD8znriCB.png,#d3d3d3,,,,,,,,,,,,
95,Refrigerador Top Mount Freezer 384L c/ Space Max y WiFi,refrigerators,0,0,https://samsung.com.bo/refrigerators/top-mount-freezer/rt6300c-top-mount-freezer-optimal-fresh-and-space-max-384l-black-rt38cg6720b1zs,"Bespoke Design (Panel personalizable), WiFi SmartThings y SpaceMax.",,"[""384L""]",RT38CG6720B1ZS,Negro,https://samsung-bolivia.s3.amazonaws.com/product-family-item-image-image/square/product-family-item-image-image_zJbv7fYwk1ruh9PVIHaE.png,#000000,RT38CG6720S9ZS,Plateado,https://samsung-bolivia.s3.amazonaws.com/product-family-item-image-image/square/product-family-item-image-image_vohCPp2fGgDBs64nty19.png,#dbdbdb,,,,,,,,,,,,
96,Refrigerador Side by Side 602L c/ 3-Door Flex,refrigerators,0,0,https://samsung.com.bo/refrigerators/side-by-side/rs5000rc-spacemax-602l-black-rs65r5691b4-zs,"Tecnología SpaceMax (602L), 3 puertas con FlexZone y Metal Cooling.",,"[""602L""]",RS65R5691M9/ZS,Plateado,https://samsung-bolivia.s3.amazonaws.com/product-family-item-image-image/square/product-family-item-image-image_xDYXudpNP4qvCsWoOZaQ.png,#dbdbdb,RS65R5691B4/ZS,Negro,https://samsung-bolivia.s3.amazonaws.com/product-family-item-image-image/square/product-family-item-image-image_4JuPHt1WvOwDnmYhZ6rA.png,#000000,,,,,,,,,,,,
97,Encimera Vitrocerámica 4 Zonas,kitchen_cleaning,0,0,https://samsung.com.bo/empotrados/ctr264kc01,"Controles táctiles deslizantes, indicadores de calor residual y bloqueo de seguridad.",,,CTR264KC01/BG,Negro,https://samsung-bolivia.s3.amazonaws.com/product-family-item-image-image/original/product-family-item-image-image_Zp9aPkgvDu8rVGcfdqCB.png,#000000,,,,,,,,,,,,,,,,
98,Microondas Empotrable 23L c/ Grill,kitchen_cleaning,0,0,https://samsung.com.bo/empotrados/fg87sub,"Grill Fry (Freír sin aceite), Panel táctil Glass Touch y función de descongelado.",,"[""23L""]",FG87SUB/BO,Negro,https://samsung-bolivia.s3.amazonaws.com/product-family-item-image-image/square/product-family-item-image-image_dFikWDSQVysRewYKjpcu.png,#000000,,,,,,,,,,,,,,,,
99,Horno Eléctrico Empotrable 75L c/ Dual Cook,kitchen_cleaning,0,0,https://samsung.com.bo/empotrados/nv75k5541rs,"Dual Cook (Cocina 2 platos a temp. distinta), Riel telescópico y limpieza catalítica.",,"[""75L""]",NV75K5541RS/BG,Plateado,https://samsung-bolivia.s3.amazonaws.com/product-family-item-image-image/square/product-family-item-image-image_VxNdzUERtanrJg7hL5kG.png,#dbdbdb,,,,,,,,,,,,,,,,
100,Campana Decorativa 60cm c/ Control Touch,kitchen_cleaning,0,0,https://samsung.com.bo/cooking-appliances/hoods/wall-mount-hood-hdc6a90tx-bg,"Alto poder de succión (668 m3/h), filtro lavable y luces LED.",,,HDC6A90TX/BG,Plateado,https://samsung-bolivia.s3.amazonaws.com/product-family-item-image-image/square/product-family-item-image-image_W8fdDIXRYQltHKUqrm5o.png,#dbdbdb,,,,,,,,,,,,,,,,
101,Aspiradora sin Bolsa 1800W c/ Turbina Anti Enredos,kitchen_cleaning,0,0,https://samsung.com.bo/vacuum-cleaners/canister/canister-vc3100m,"Turbina Anti-Tangle (No se atasca con pelos), depósito Easy Dustbin y 1800W.",,,VC18M3110VB/BO,Azul Cosmo,https://samsung-bolivia.s3.amazonaws.com/product-family-item-image-image/square/product-family-item-image-image_xjtC0g9Z2bEXqADP3HNy.png,#1c0d82,,,,,,,,,,,,,,,,
102,Aspiradora con Bolsa 2000W c/ Función Soplador,kitchen_cleaning,0,0,https://samsung.com.bo/vacuum-cleaners/canister/vcc4190v3exbo,"Potente 2000W, función de soplado de polvo y filtro de alérgenos.",,,VCC4190V3E/XBO,Vino Rubí,https://samsung-bolivia.s3.amazonaws.com/product-family-item-image-image/square/product-family-item-image-image_hx8bfBduoXV1MyCcHAlZ.png,#653038,,,,,,,,,,,,,,,,