id,name,category,price,originalPrice,link,description,badge,storage,SKU1,Color1,Imagen1,Hex1,SKU2,Color2,Imagen2,Hex2,SKU3,Color3,Imagen3,Hex3,SKU4,Color4,Imagen4,Hex4,SKU5,Color5,Imagen5,Hex5,colorCodes
1,Galaxy Z Fold7,smartphones,100,500,https://shop.samsung.com.bo/smartphones/galaxy-z/galaxy-z-fold7-blue-shadow-512gb-sm-f966bdbkcho,"Diseño ultra delgado 8.9mm, Cámara 200MP, Snapdragon 8 Elite y Galaxy AI.",1234,"[""512 GB""]",SM-F966BDBKCHO,Azul Metálico,https://samsung-bolivia.s3.amazonaws.com/product-family-item-image-image/square/product-family-item-image-image_REVFsxTyaj9XMYmDK7Qf.png,,SM-F966BZKKCHO,Negro,https://samsung-bolivia.s3.amazonaws.com/product-family-item-image-image/original/product-family-item-image-image_x79DA312UjEYKePb50Xd.png,,,,,,,,,,,,,,{}
2,Galaxy S25 Ultra,smartphones,0,0,https://shop.samsung.com.bo/smartphones/galaxy-s/galaxy-s25-ultra-azul-titanio-256gb-sm-s938bzbkbvo,"Cámara 200MP + 50MP, Titanio, Snapdragon 8 Elite y bat. 5000 mAh.",,"[""256 GB"",""512 GB""]",SM-S938BZSEBVO,Gris,https://samsung-bolivia.s3.amazonaws.com/product-family-item-image-image/square/product-family-item-image-image_qI9E4ZaOzVG1HFbrLPlf.png,#6B6B6B,SM-S938BZSIBVO,Plata,https://samsung-bolivia.s3.amazonaws.com/product-family-item-image-image/square/product-family-item-image-image_H7u4C0FlEXPR3mdeGBtI.png,#C0C0C0,SM-S938BZKEBVO,Negro,https://samsung-bolivia.s3.amazonaws.com/product-family-item-image-image/square/product-family-item-image-image_KQEqL0hw7JfIruXmcZsY.png,#000000,SM-S938BZBKBVO,Azul,https://samsung-bolivia.s3.amazonaws.com/product-family-item-image-image/square/product-family-item-image-image_FsmUMnZIQiwYeCTXS7EN.png,#1C3A5C,,,,,"{""Gris"":""#6B6B6B"",""Plata"":""#C0C0C0"",""Negro"":""#000000"",""Azul"":""#1C3A5C""}"
3,Galaxy Z Flip7,smartphones,0,0,https://shop.samsung.com.bo/smartphones/galaxy-z/galaxy-z-flip7-blue-shadow-256gb-sm-f766bdbjcho,"Cámara 50 MP, batería 4300 mAh, pantalla 2600 nits y FlexWindow.",,"[""256 GB"",""512 GB""]",SM-F766BDBJCHO,Azul Sombra,https://images.samsung.com/is/image/samsung/p6pim/bo/sm-f766bdbjcho/gallery/bo-galaxy-z-flip7-f766-sm-f766bdbjcho-545445449,#1C2E4A,SM-F766BZSECHO,Plata Sombra,https://images.samsung.com/is/image/samsung/p6pim/bo/sm-f766bzsecho/gallery/bo-galaxy-z-flip7-f766-sm-f766bzsecho-545445449,#C0C0C0,SM-F766BZKECHO,Negro,https://images.samsung.com/is/image/samsung/p6pim/bo/sm-f766bzkecho/gallery/bo-galaxy-z-flip7-f766-sm-f766bzkecho-545445449,#000000,,,,,,,,,"{""Azul Sombra"":""#1C2E4A"",""Plata Sombra"":""#C0C0C0"",""Negro"":""#000000""}"
4,Galaxy S25+,smartphones,0,0,https://shop.samsung.com.bo/smartphones/galaxy-s/galaxy-s25-plus-gris-256gb-sm-s936bzsjbvo/,"Pantalla QHD+ 6.7, batería 4900 mAh, Armor Aluminum y Galaxy AI.",,"[""256 GB"",""512 GB""]",SM-S936BZSJBVO,Gris,https://images.samsung.com/is/image/samsung/p6pim/bo/sm-s936bzsjbvo/gallery/bo-galaxy-s25-plus-s936-sm-s936bzsjbvo-545445449,#6B6B6B,SM-S936BZKEBVO,Negro,https://images.samsung.com/is/image/samsung/p6pim/bo/sm-s936bzkebvo/gallery/bo-galaxy-s25-plus-s936-sm-s936bzkebvo-545445449,#000000,SM-S936BZBEBVO,Azul,https://images.samsung.com/is/image/samsung/p6pim/bo/sm-s936bzbebvo/gallery/bo-galaxy-s25-plus-s936-sm-s936bzbebvo-545445449,#1C3A5C,,,,,,,,,"{""Gris"":""#6B6B6B"",""Negro"":""#000000"",""Azul"":""#1C3A5C""}"
5,Galaxy S25,smartphones,0,0,https://shop.samsung.com.bo/smartphones/galaxy-s/galaxy-s25-gris-256gb-sm-s931bzskbvo/,"Pantalla FHD+ 6.2, batería 4000 mAh, 12GB RAM y diseño compacto.",,"[""128 GB"",""256 GB""]",SM-S931BZSKBVO,Gris,https://images.samsung.com/is/image/samsung/p6pim/bo/sm-s931bzskbvo/gallery/bo-galaxy-s25-s931-sm-s931bzskbvo-545445449,#6B6B6B,SM-S931BZKEBVO,Negro,https://images.samsung.com/is/image/samsung/p6pim/bo/sm-s931bzkebvo/gallery/bo-galaxy-s25-s931-sm-s931bzkebvo-545445449,#000000,SM-S931BZBEBVO,Azul,https://images.samsung.com/is/image/samsung/p6pim/bo/sm-s931bzbebvo/gallery/bo-galaxy-s25-s931-sm-s931bzbebvo-545445449,#1C3A5C,,,,,,,,,"{""Gris"":""#6B6B6B"",""Negro"":""#000000"",""Azul"":""#1C3A5C""}"
6,Galaxy S25 FE,smartphones,0,0,https://shop.samsung.com.bo/smartphones/galaxy-s/galaxy-s25-fe-navy-256gb-sm-s731bdbkbvo,"Pantalla 6.6, 4700mAh, Exynos 2400e, Cámara 50MP y resistencia IP68.",,"[""128 GB"",""256 GB""]",SM-S731BDBKBVO,Azul Marino,https://images.samsung.com/is/image/samsung/p6pim/bo/sm-s731bdbkbvo/gallery/bo-galaxy-s25-fe-s731-sm-s731bdbkbvo-545445449,#1C3A5C,SM-S731BLGEBVO,Menta,https://images.samsung.com/is/image/samsung/p6pim/bo/sm-s731blgebvo/gallery/bo-galaxy-s25-fe-s731-sm-s731blgebvo-545445449,#98FF98,SM-S731BZAEBVO,Grafito,https://images.samsung.com/is/image/samsung/p6pim/bo/sm-s731bzaebvo/gallery/bo-galaxy-s25-fe-s731-sm-s731bzaebvo-545445449,#41424C,,,,,,,,,"{""Azul Marino"":""#1C3A5C"",""Menta"":""#98FF98"",""Grafito"":""#41424C""}"
7,Galaxy-A56 5G,smartphones,0,0,https://shop.samsung.com.bo/smartphones/galaxy-a/galaxy-a56-5g-awesome-graphite-256gb-sm-a566ezkcbvo/,"Pantalla Super AMOLED, cuerpo de 7.4mm, Super HDR y marco de aluminio.",,"[""128 GB"",""256 GB""]",SM-A566EZKCBVO,Grafito,https://images.samsung.com/is/image/samsung/p6pim/bo/sm-a566ezkcbvo/gallery/bo-galaxy-a56-5g-a566-sm-a566ezkcbvo-545445449,#41424C,SM-A566EZBEBVO,Azul Claro,https://images.samsung.com/is/image/samsung/p6pim/bo/sm-a566ezbebvo/gallery/bo-galaxy-a56-5g-a566-sm-a566ezbebvo-545445449,#ADD8E6,SM-A566ELVEBVO,Violeta,https://images.samsung.com/is/image/samsung/p6pim/bo/sm-a566elvebvo/gallery/bo-galaxy-a56-5g-a566-sm-a566elvebvo-545445449,#8A2BE2,,,,,,,,,"{""Grafito"":""#41424C"",""Azul Claro"":""#ADD8E6"",""Violeta"":""#8A2BE2""}"
8,Galaxy-A26 5G,smartphones,0,0,https://shop.samsung.com.bo/smartphones/galaxy-a/galaxy-a26-5g-mint-128gb-sm-a266mlgdbvo/,"Pantalla 6.7 Super AMOLED, IP67, Batería 5000mAh y diseño Key Island.",,"[""128 GB"",""256 GB""]",SM-A266MLGDBVO,Menta,https://images.samsung.com/is/image/samsung/p6pim/bo/sm-a266mlgdbvo/gallery/bo-galaxy-a26-5g-a266-sm-a266mlgdbvo-545445449,#98FF98,SM-A266MZKDBVO,Negro,https://images.samsung.com/is/image/samsung/p6pim/bo/sm-a266mzkdbvo/gallery/bo-galaxy-a26-5g-a266-sm-a266mzkdbvo-545445449,#000000,SM-A266MZBDBVO,Azul,https://images.samsung.com/is/image/samsung/p6pim/bo/sm-a266mzbdbvo/gallery/bo-galaxy-a26-5g-a266-sm-a266mzbdbvo-545445449,#1C3A5C,,,,,,,,,"{""Menta"":""#98FF98"",""Negro"":""#000000"",""Azul"":""#1C3A5C""}"
9,Galaxy-A36 5G,smartphones,0,0,https://shop.samsung.com.bo/smartphones/galaxy-a/galaxy-a36-5g-awesome-black-256gb-sm-a366ezkgbvo/,"Pantalla 6.7 FHD+ 120Hz (1200 nits), Knox Vault y diseño minimalista.",,"[""128 GB"",""256 GB""]",SM-A366EZKGBVO,Negro,https://images.samsung.com/is/image/samsung/p6pim/bo/sm-a366ezkgbvo/gallery/bo-galaxy-a36-5g-a366-sm-a366ezkgbvo-545445449,#000000,SM-A366EZBGBVO,Azul Claro,https://images.samsung.com/is/image/samsung/p6pim/bo/sm-a366ezbgbvo/gallery/bo-galaxy-a36-5g-a366-sm-a366ezbgbvo-545445449,#ADD8E6,SM-A366ELGGBVO,Menta,https://images.samsung.com/is/image/samsung/p6pim/bo/sm-a366elggbvo/gallery/bo-galaxy-a36-5g-a366-sm-a366elggbvo-545445449,#98FF98,,,,,,,,,"{""Negro"":""#000000"",""Azul Claro"":""#ADD8E6"",""Menta"":""#98FF98""}"
10,Galaxy-A17,smartphones,0,0,https://shop.samsung.com.bo/smartphones/galaxy-a/galaxy-a17-black-128gb-sm-a175fzkgbvo,"Diseño moderno, cámara principal 50MP y batería de 5000mAh para todo el día.",,"[""64 GB"",""128 GB""]",SM-A175FZKGBVO,Negro,https://images.samsung.com/is/image/samsung/p6pim/bo/sm-a175fzkgbvo/gallery/bo-galaxy-a17-a175-sm-a175fzkgbvo-545445449,#000000,SM-A175FZBGBVO,Azul Claro,https://images.samsung.com/is/image/samsung/p6pim/bo/sm-a175fzbgbvo/gallery/bo-galaxy-a17-a175-sm-a175fzbgbvo-545445449,#ADD8E6,SM-A175FLGGBVO,Menta,https://images.samsung.com/is/image/samsung/p6pim/bo/sm-a175flggbvo/gallery/bo-galaxy-a17-a175-sm-a175flggbvo-545445449,#98FF98,,,,,,,,,"{""Negro"":""#000000"",""Azul Claro"":""#ADD8E6"",""Menta"":""#98FF98""}"
11,Galaxy-A16,smartphones,0,0,https://shop.samsung.com.bo/smartphones/galaxy-a/galaxy-a16-black-256gb-sm-a165mzkibvo,"Pantalla 6.7 FHD+ sAMOLED, 6 actualizaciones de seguridad y diseño ultra delgado.",,"[""128 GB"",""256 GB""]",SM-A165MZKIBVO,Negro,https://images.samsung.com/is/image/samsung/p6pim/bo/sm-a165mzkibvo/gallery/bo-galaxy-a16-a165-sm-a165mzkibvo-545445449,#000000,SM-A165MZBIBVO,Azul Claro,https://images.samsung.com/is/image/samsung/p6pim/bo/sm-a165mzbibvo/gallery/bo-galaxy-a16-a165-sm-a165mzbibvo-545445449,#ADD8E6,SM-A165MZDIBVO,Dorado,https://images.samsung.com/is/image/samsung/p6pim/bo/sm-a165mzdibvo/gallery/bo-galaxy-a16-a165-sm-a165mzdibvo-545445449,#FFD700,,,,,,,,,"{""Negro"":""#000000"",""Azul Claro"":""#ADD8E6"",""Dorado"":""#FFD700""}"
12,Galaxy-A07,smartphones,0,0,https://shop.samsung.com.bo/smartphones/galaxy-a/galaxy-a07-black-64gb-sm-a075mzkdbvo,"Pantalla expansiva, cámara dual esencial 50MP y batería de 5000mAh.",,"[""64 GB"",""128 GB""]",SM-A075MZKDBVO,Negro,https://images.samsung.com/is/image/samsung/p6pim/bo/sm-a075mzkdbvo/gallery/bo-galaxy-a07-a075-sm-a075mzkdbvo-545445449,#000000,SM-A075MZBDBVO,Azul Claro,https://images.samsung.com/is/image/samsung/p6pim/bo/sm-a075mzbdbvo/gallery/bo-galaxy-a07-a075-sm-a075mzbdbvo-545445449,#ADD8E6,,,,,,,,,,,,,"{""Negro"":""#000000"",""Azul Claro"":""#ADD8E6""}"
13,Galaxy-A06,smartphones,0,0,https://shop.samsung.com.bo/smartphones/galaxy-a/galaxy-a06-black-64gb-sm-a065mzkdbvo/,"Pantalla 6.7, Cámara 50MP, Carga rápida 25W y lector de huella lateral.",,"[""64 GB"",""128 GB""]",SM-A065MZKDBVO,Negro,https://images.samsung.com/is/image/samsung/p6pim/bo/sm-a065mzkdbvo/gallery/bo-galaxy-a06-a065-sm-a065mzkdbvo-545445449,#000000,SM-A065MZBDBVO,Azul Claro,https://images.samsung.com/is/image/samsung/p6pim/bo/sm-a065mzbdbvo/gallery/bo-galaxy-a06-a065-sm-a065mzbdbvo-545445449,#ADD8E6,SM-A065MZDDBVO,Dorado,https://images.samsung.com/is/image/samsung/p6pim/bo/sm-a065mzddbvo/gallery/bo-galaxy-a06-a065-sm-a065mzddbvo-545445449,#FFD700,,,,,,,,,"{""Negro"":""#000000"",""Azul Claro"":""#ADD8E6"",""Dorado"":""#FFD700""}"
14,Galaxy Tab S11 Ultra Wi-Fi + Keyboard Cover + S Pen,tablets,0,0,https://shop.samsung.com.bo/tablets/galaxy-tab-s/galaxy-tab-s11-ultra-gray-256gb-sm-x930nzadbvo,"Diseño ultra delgado 5.1mm, Drawing Assist con IA y S Pen hexagonal.",,"[""256 GB"",""512 GB""]",,,,,,,,,,,,,,,,,,,,,{}
15,Galaxy Tab S10 Ultra Wi-Fi + Keyboard Cover + S Pen,tablets,0,0,https://shop.samsung.com.bo/tablets/galaxy-tab-s/galaxy-tab-s10-ultra-gray-256gb-sm-x920nzadbvo,"Pantalla 14.6 Dynamic AMOLED 2x, cuerpo de 718g y resistencia IP68.",,"[""256 GB"",""512 GB""]",,,,,,,,,,,,,,,,,,,,,{}
16,Galaxy Tab S11 Wi-Fi + Keyboard Cover + S Pen,tablets,0,0,https://www.samsung.com/latin/tablets/galaxy-tab-s/galaxy-tab-s11-gray-128gb-sm-x730nzaagto/buy/,"Pantalla Dynamic AMOLED 2X, S Pen incluido y resistencia al agua/polvo IP68.",,"[""128 GB"",""256 GB""]",,,,,,,,,,,,,,,,,,,,,{}
17,Galaxy Tab S10+ Wi-Fi + Keyboard Cover + S Pen,tablets,0,0,https://shop.samsung.com.bo/tablets/galaxy-tab-s/galaxy-tab-s10-plus-gray-256gb-sm-x820nzadbvo,"Pantalla 12.4 WQXGA+, cámara dual y procesador optimizado para multitarea.",,"[""256 GB"",""512 GB""]",,,,,,,,,,,,,,,,,,,,,{}
18,Galaxy Tab S9 5G + S Pen,tablets,0,0,https://shop.samsung.com.bo/tablets/galaxy-tab-s/galaxy-tab-s9-graphite-256gb-sm-x716bzaebvo,"Pantalla Dynamic AMOLED 2X, Vision Booster y procesador Snapdragon 8 Gen 2.",,"[""128 GB"",""256 GB""]",,,,,,,,,,,,,,,,,,,,,{}
19,Galaxy Tab S8 Ultra Wi-Fi + Keyboard Cover + S Pen,tablets,0,0,https://shop.samsung.com.bo/tablets/galaxy-tab-s/galaxy-tab-s8-ultra-wi-fi-graphite-256gb-sm-x900nzadcho/,"Pantalla 14.6 Super AMOLED, doble cámara frontal 12MP y batería 11200mAh.",,"[""256 GB"",""512 GB""]",,,,,,,,,,,,,,,,,,,,,{}
20,Galaxy Tab S8 Ultra 5G + Keyboard Cover + S Pen,tablets,0,0,https://samsung.com.bo/tablets/galaxy-tab-s8-ultra,"Pantalla masiva 14.6 sAMOLED, conectividad 5G, doble cámara frontal y batería 11200mAh.",,"[""256 GB"",""512 GB""]",,,,,,,,,,,,,,,,,,,,,{}
21,Galaxy Tab S8 5G + Keyboard Cover + S Pen,tablets,0,0,https://samsung.com.bo/tablets/galaxy-tab-s/galaxy-tab-s8-5g-silver-256gb-sm-x706bzswbvo,"Pantalla 11 LTPS 120Hz, procesador Snapdragon 8 Gen 1 y S Pen de baja latencia.",,"[""128 GB"",""256 GB""]",,,,,,,,,,,,,,,,,,,,,{}
22,Galaxy Tab S10 FE+ Wi-Fi + Cover + S Pen,tablets,0,0,https://shop.samsung.com.bo/tablets/galaxy-tab-s/galaxy-tab-s10-fe-plus-gray-128gb-sm-x620nzaabvo/,"Pantalla masiva de 13.1, resistencia al agua IP68 y S Pen Creator incluido.",,"[""128 GB"",""256 GB""]",,,,,,,,,,,,,,,,,,,,,{}
23,Galaxy Tab S10 Lite 5G + Cover + S Pen,tablets,0,0,https://shop.samsung.com.bo/tablets/galaxy-tab-s/galaxy-tab-s10-lite-gray-128gb-sm-x406bzadbvo,"Pantalla con Low Blue Light, soporte MicroSD hasta 2TB y diseño ligero.",,"[""128 GB"",""256 GB""]",,,,,,,,,,,,,,,,,,,,,{}
24,Galaxy Tab S10 FE Wi-Fi + Cover + S Pen,tablets,0,0,https://shop.samsung.com.bo/tablets/galaxy-tab-s/galaxy-tab-s10-fe-gray-128gb-sm-x520nzaabvo/,"Pantalla 10.9, S Pen resistente al agua y batería de larga duración.",,"[""128 GB"",""256 GB""]",,,,,,,,,,,,,,,,,,,,,{}
25,Galaxy Tab S6 Lite + S Pen,tablets,0,0,https://shop.samsung.com.bo/tablets/galaxy-tab-s/galaxy-tab-s6-lite-10-4-inch-pink-64gb-wi-fi-sm-p615nziucho,"Diseño metálico 10.4, S Pen magnético, One UI y sonido AKG.",,"[""64 GB"",""128 GB""]",,,,,,,,,,,,,,,,,,,,,{}
26,Galaxy Tab A11 LTE,tablets,0,0,https://www.samsung.com/es/tablets/galaxy-tab-a/galaxy-tab-a11-silver-128gb-sm-x135fzseeub/buy/,"Conectividad LTE, diseño metálico moderno, pantalla fluida y multitarea mejorada.",,"[""64 GB"",""128 GB""]",,,,,,,,,,,,,,,,,,,,,{}
27,Galaxy Tab A9+ 5G,tablets,0,0,https://shop.samsung.com.bo/tablets/galaxy-tab-a/galaxy-tab-a9-plus-5g-gray-64gb-sm-x216bzaabvo/,"Pantalla 11.0 90Hz, cuerpo metálico 6.9mm y multitarea de 3 apps.",,"[""64 GB"",""128 GB""]",,,,,,,,,,,,,,,,,,,,,{}
28,Galaxy Watch8 44mm,smartwatches,0,0,https://shop.samsung.com.bo/galaxy-watch/galaxy-watch8-44mm-graphite-bluetooth-sm-l330ndaalta,"Diseño ultra delgado, procesador de 3nm, sensor BioActive avanzado y GPS de doble frecuencia.",,[],,,,,,,,,,,,,,,,,,,,,{}
29,Galaxy Watch8 40mm,smartwatches,0,0,https://shop.samsung.com.bo/galaxy-watch/galaxy-watch8-40mm-graphite-bluetooth-sm-l320ndaalta,"Diseño acolchado icónico, monitor de sueño con IA y pantalla más brillante.",,[],,,,,,,,,,,,,,,,,,,,,{}
30,Galaxy Watch7 44mm,smartwatches,0,0,https://shop.samsung.com.bo/watches/galaxy-watch/galaxy-watch7-44mm-silver-bluetooth-sm-l310nzsalta/,"Procesador de 3nm, GPS de doble frecuencia y monitoreo de salud con Galaxy AI.",,[],,,,,,,,,,,,,,,,,,,,,{}
31,Galaxy Watch7 40mm,smartwatches,0,0,https://shop.samsung.com.bo/watches/galaxy-watch/galaxy-watch7-40mm-cream-bluetooth-sm-l300nzealta,"Compacto y potente, control de gestos doble pellizco y batería de larga duración.",,[],,,,,,,,,,,,,,,,,,,,,{}
32,Galaxy Watch6 Classic 47mm,smartwatches,0,0,https://shop.samsung.com.bo/search/smartwatches/galaxy-watch6,"Bisel giratorio físico, pantalla de cristal de zafiro y diseño clásico de gran formato.",,[],,,,,,,,,,,,,,,,,,,,,{}
33,Galaxy Watch6 Classic 43mm,smartwatches,0,0,https://shop.samsung.com.bo/search/smartwatches/galaxy-watch6,"Elegancia atemporal con bisel giratorio, seguimiento de salud 24/7 y diseño refinado.",,[],,,,,,,,,,,,,,,,,,,,,{}
34,Galaxy Fit3,smartwatches,0,0,https://shop.samsung.com.bo/watches/galaxy-fit/galaxy-fit3-gray-bluetooth-sm-r390nzaalta,"Pantalla AMOLED 1.6, batería de hasta 13 días y cuerpo de aluminio ligero.",,[],,,,,,,,,,,,,,,,,,,,,{}
35,Galaxy Buds3 Pro,buds,0,0,https://shop.samsung.com.bo/audio-sound/galaxy-buds/galaxy-buds3-pro-silver-sm-r630nzaalta,"Sonido Hi-Fi de 24 bits, diseño con Blade Lights, ANC adaptativo y traductor por IA.",,[],,,,,,,,,,,,,,,,,,,,,{}
36,Galaxy Buds3,buds,0,0,https://shop.samsung.com.bo/audio-sound/galaxy-buds/galaxy-buds3-silver-sm-r530nzaalta,"Diseño Open Type, ecualizador adaptativo con IA y sonido de alta resolución.",,[],,,,,,,,,,,,,,,,,,,,,{}
37,Galaxy Buds3 FE,buds,0,0,https://shop.samsung.com.bo/audio-sound/galaxy-buds/galaxy-buds3-fe-black-sm-r420nzkalta,"Cancelación de ruido activa, ajuste ergonómico mejorado y bajos potentes.",,[],,,,,,,,,,,,,,,,,,,,,{}
38,Galaxy Buds2 Pro,buds,0,0,https://shop.samsung.com.bo/audio-sound/galaxy-buds/galaxy-buds2-pro-graphite-sm-r510nzaalta,"Audio 360 inteligente, 24-bit Hi-Fi, diseño un 15% más pequeño y resistencia al agua IPX7.",,[],,,,,,,,,,,,,,,,,,,,,{}
39,Galaxy Buds2,buds,0,0,https://shop.samsung.com.bo/audio-sound/galaxy-buds/galaxy-buds2-graphite-sm-r177nzkalta/,"Sonido equilibrado con parlantes duales, ANC y ajuste ligero de 5g.",,[],,,,,,,,,,,,,,,,,,,,,{}
40,Galaxy Buds Core,buds,0,0,https://samsung.com.bo/audio-sound/galaxy-buds/galaxy-buds-core-black-sm-r410nzkalta,"Modelo esencial 2026: Sonido claro, diseño compacto y batería de larga duración para el día a día.",,[],,,,,,,,,,,,,,,,,,,,,{}
41,Galaxy Book4,laptops,0,0,https://shop.samsung.com.bo/computers/galaxy-book/galaxy-book4-15-6-inch-16gb-512gb-np750xgk-ka3cl,"Pantalla 15.6 FHD, Intel Core 5, cuerpo metálico completo y RJ45 integrado.",,"[""512 GB""]",,,,,,,,,,,,,,,,,,,,,{}
42,Galaxy Book3 Ultra,laptops,0,0,https://shop.samsung.com.bo/galaxy-book/galaxy-book3-ultra-16-inch-i7-16gb-1tb-np960xfh-xa1cl,"Pantalla 16 3K AMOLED 120Hz, Intel Core i7 Serie H, NVIDIA GeForce RTX 4050.",,"[""1 TB""]",,,,,,,,,,,,,,,,,,,,,{}
43,Galaxy Book3 Pro,laptops,0,0,https://shop.samsung.com.bo/galaxy-book,"Pantalla 16 Dynamic AMOLED 2X, diseño ultradelgado y procesador Intel Evo i7.",,"[""512 GB""]",,,,,,,,,,,,,,,,,,,,,{}
44,Galaxy Book3 360,laptops,0,0,https://shop.samsung.com.bo/galaxy-book/galaxy-book3-360-15-6-inch-i7-8gb-512gb-np750qfg-kb2cl/,"Diseño 2 en 1 con S Pen, pantalla Super AMOLED táctil y procesador Intel Core i7.",,"[""512 GB""]",,,,,,,,,,,,,,,,,,,,,{}
45,Galaxy Book3,laptops,0,0,https://shop.samsung.com.bo/galaxy-book/galaxy-book3-15-6-inch-int-i5-8gb-512gb-np750xfg-kb3cl,"Pantalla 15.6, puertos completos (HDMI/USB-A/C) y cuerpo delgado de aluminio.",,"[""512 GB""]",,,,,,,,,,,,,,,,,,,,,{}
46,Galaxy Book2 Pro 360,laptops,0,0,https://shop.samsung.com.bo/galaxy-book/galaxy-book2-pro-360,"Laptop 2 en 1 ultra ligera, pantalla Super AMOLED y S Pen incluido en caja.",,"[""512 GB""]",,,,,,,,,,,,,,,,,,,,,{}
47,Galaxy Book2 Pro,laptops,0,0,https://shop.samsung.com.bo/computers/galaxy-book/galaxy-book2-pro-13inch-i5-8gb-512gb-np930xed-kb1cl,"Movilidad extrema (0.87kg), pantalla AMOLED y procesador Intel Core i5 certificado Evo.",,"[""512 GB""]",,,,,,,,,,,,,,,,,,,,,{}
48,Galaxy Book2,laptops,0,0,https://shop.samsung.com.bo/computers/galaxy-book/galaxy-book2-15inch-i5-8gb-256gb-np750xed-kc3cl,"Pantalla 15.6 antirreflejo, gran rendimiento Intel Core i5 y ranura extra para SSD.",,"[""256 GB""]",,,,,,,,,,,,,,,,,,,,,{}
49,Cables (USB-C),accessories,0,0,https://shop.samsung.com.bo/mobile-accessories/usb-cable-3a-usb-c-to-usb-c-black-ep-dx310jbegww/,"Cable Tipo C a Tipo C (1.8m), carga rápida hasta 60W y transferencia de datos USB 2.0.",,[],,,,,,,,,,,,,,,,,,,,,{}
50,Cargador 25W,accessories,0,0,https://shop.samsung.com.bo/mobile-accessories/wall-charger-for-super-fast-charging-25w-black-ep-ta800nbegmx/,"Cargador de pared Super Fast Charging (25W), compatible con PD 3.0.",,[],,,,,,,,,,,,,,,,,,,,,{}
51,Cargador 45W,accessories,0,0,https://shop.samsung.com.bo/mobile-accessories/,"Adaptador de viaje 45W, Super Fast Charging 2.0 para modelos Ultra.",,[],,,,,,,,,,,,,,,,,,,,,{}
52,Funda Teclado Tab S10 FE+,accessories,0,0,https://shop.samsung.com.bo/tablets/galaxy-tab-s/galaxy-tab-s10-fe-plus-gray-128gb-sm-x620nzaabvo/,"Teclado Book Cover con trackpad, diseño magnético y modo DeX.",,[],,,,,,,,,,,,,,,,,,,,,{}
53,Funda Teclado Tab S10 FE,accessories,0,0,https://shop.samsung.com.bo/tablets/galaxy-tab-s/galaxy-tab-s10-fe-gray-128gb-sm-x520nzaabvo/,"Teclado delgado y ligero, compartimento para S Pen y conexión POGO.",,[],,,,,,,,,,,,,,,,,,,,,{}
54,55 Crystal UHD 4K DU8000 Smart TV (2024),televisions,0,0,https://shop.samsung.com.bo/tvs/uhd-4k-tv/du8000-55-inch-crystal-uhd-4k-tizen-os-smart-tv-un55du8000gxzs/,"Procesador Crystal 4K, Dynamic Crystal Color y diseño AirSlim.",,[],,,,,,,,,,,,,,,,,,,,,{}
55,65 Crystal UHD 4K U8000F Smart TV,televisions,0,0,https://shop.samsung.com.bo/tvs/uhd-4k-tv/u8000f-65-inch-crystal-uhd-4k-smart-tv-un65u8000fgxzs,"Modelo 2025: Motion Xcelerator, HDR optimizado y SmartThings Hub integrado.",,[],,,,,,,,,,,,,,,,,,,,,{}
56,50 Crystal UHD 4K DU8000 Smart TV (2024),televisions,0,0,https://shop.samsung.com.bo/tvs/uhd-4k-tv/du8000-50-inch-crystal-uhd-4k-tizen-os-smart-tv-un50du8000gxzs,"Escalado 4K, Gaming Hub y sonido OTS Lite.",,[],,,,,,,,,,,,,,,,,,,,,{}
57,65 The Frame QLED 4K Smart TV (2024),televisions,0,0,https://shop.samsung.com.bo/search/lifestyle-tvs/the-frame,"Pantalla Mate antirreflejo, Marco personalizable y Modo Arte.",,[],,,,,,,,,,,,,,,,,,,,,{}
58,43 The Sero QLED 4K Smart TV (2022),televisions,0,0,https://shop.samsung.com.bo/lifestyle-tvs/the-sero/ls05b-43-inch-the-sero-qled-4k-smart-tv-navy-blue-qn43ls05bagxzs,"Pantalla giratoria (Móvil/Horizontal), Sonido 4.1ch y Pantalla Mate.",,[],,,,,,,,,,,,,,,,,,,,,{}
59,98 Crystal UHD 4K DU9000 Smart TV (2024),televisions,0,0,https://shop.samsung.com.bo/tvs/uhd-4k-tv/du9000-98-inch-crystal-uhd-4k-tizen-os-smart-tv-un98du9000gxzs,"Pantalla gigante 98, Supersize Picture Enhancer y 120Hz nativos.",,[],,,,,,,,,,,,,,,,,,,,,{}
60,85 QLED 4K Q70A Smart TV (2021),televisions,0,0,https://shop.samsung.com.bo/tvs/qled-tv/,"Quantum Processor 4K, Motion Xcelerator Turbo+ 120Hz y diseño AirSlim.",,[],,,,,,,,,,,,,,,,,,,,,{}
61,50 QLED Q7FA 4K Vision Al Smart TV (2025),televisions,0,0,https://shop.samsung.com.bo/tvs/qled-tv/q7f-55-inch-qled-4k-smart-tv-qn55q7faagxzs,"Nueva Serie 2025: Vision AI, Color Booster Pro y Diseño MetalStream.",,[],,,,,,,,,,,,,,,,,,,,,{}
62,55 QLED Q7FA 4K Vision Al Smart TV (2025),televisions,0,0,https://shop.samsung.com.bo/tvs/qled-tv/q7f-55-inch-qled-4k-smart-tv-qn55q7faagxzs,"Procesador Vision AI, Q-Symphony y Active Voice Amplifier Pro.",,[],,,,,,,,,,,,,,,,,,,,,{}
63,75 QLED Q7FA 4K Vision Al Smart TV (2025),televisions,0,0,https://shop.samsung.com.bo/tvs/qled-tv/q7f-55-inch-qled-4k-smart-tv-qn55q7faagxzs,"Pantalla inmersiva Vision AI, Escalado 4K Pro y Control SolarCell.",,[],,,,,,,,,,,,,,,,,,,,,{}
64,65 QLED Q7FA 4K Vision Al Smart TV (2025),televisions,0,0,https://shop.samsung.com.bo/tvs/qled-tv/q7f-55-inch-qled-4k-smart-tv-qn55q7faagxzs,"Vision AI, Motion Xcelerator 120Hz y SmartThings Hub.",,[],,,,,,,,,,,,,,,,,,,,,{}
65,Televisor Smart 85 QLED 4K Q7F (2025),televisions,0,0,https://shop.samsung.com.bo/tvs/qled-tv/q7f-55-inch-qled-4k-smart-tv-qn55q7faagxzs,"Gran formato 85, AI Energy Mode y Diseño Infinity.",,[],,,,,,,,,,,,,,,,,,,,,{}
66,65 OLED 4K S85F Smart TV (2025),televisions,0,0,https://www.samsung.com/es/tvs/oled-tv/s85f-65-inch-oled-4k-smart-tv-tq65s85faexxc/,"Tecnología OLED con negros profundos, Pantone Validated y diseño LaserSlim.",,[],,,,,,,,,,,,,,,,,,,,,{}
67,Monitor 22 FHD IPS 75Hz (Essential S3),monitors,0,0,https://shop.samsung.com.bo/monitors/flat/monitor-22-inch-fhd-1920x1080-ls22c310ealxzs,"Panel IPS, frecuencia 75Hz, AMD FreeSync y diseño sin bordes.",,[],,,,,,,,,,,,,,,,,,,,,{}
68,Monitor 27 FHD IPS 75Hz (Essential S3),monitors,0,0,https://shop.samsung.com.bo/monitors/flat/monitor-27-inch-fhd-1920x1080-ls27c310ealxzs,"Pantalla amplia 27, protección visual Eye Saver y panel IPS.",,[],,,,,,,,,,,,,,,,,,,,,{}
69,Monitor 24 FHD IPS 75Hz (Essential S3),monitors,0,0,https://shop.samsung.com.bo/monitors/flat/monitor-24-inch-fhd-1920x1080-ls24c310ealxzs,"Tamaño estándar 24, Modo Juego y panel IPS vibrante.",,[],,,,,,,,,,,,,,,,,,,,,{}
70,Monitor Gamer Curvo 27 QHD 240Hz Odyssey G6,monitors,0,0,https://shop.samsung.com.bo/monitors/gaming/odyssey-g6-g65b-27-inch-240hz-ls27bg650elxzs/,"Curvatura 1000R, QHD, 240Hz y Smart TV Apps integradas.",,[],,,,,,,,,,,,,,,,,,,,,{}
71,Monitor Gamer Curvo 32 QHD 240Hz Odyssey G6,monitors,0,0,https://shop.samsung.com.bo/monitors/gaming/odyssey-g6-g65b-32-inch-240hz-ls32bg650elxzs/,"Pantalla grande 32, 1ms respuesta y AMD FreeSync Premium Pro.",,[],,,,,,,,,,,,,,,,,,,,,{}
72,Monitor Gamer Plano 27 FHD 180Hz Odyssey G3,monitors,0,0,https://shop.samsung.com.bo/monitors/gaming/odyssey-g3-g30d-27-inch-180hz-ls27g300ealxzs/,"Frecuencia 180Hz (Modelo 2025), 1ms y soporte ajustable.",,[],,,,,,,,,,,,,,,,,,,,,{}
73,Monitor Gamer 28 UHD 144Hz Odyssey G7,monitors,0,0,https://shop.samsung.com.bo/monitors/gaming/odyssey-g7-g70b-28-inch-uhd-ls28bg702elxzs/,"Resolución 4K UHD, panel IPS, 144Hz y G-Sync Compatible.",,[],,,,,,,,,,,,,,,,,,,,,{}
74,Monitor Gamer Plano 32 FHD 165Hz Odyssey G3,monitors,0,0,https://shop.samsung.com.bo/monitors/gaming/odyssey-g3-32-inch-165hz-1ms-ls32ag320nlxzs,"Pantalla 32 inmersiva, 165Hz y diseño sin bordes en 3 lados.",,[],,,,,,,,,,,,,,,,,,,,,{}
75,Monitor Gamer Plano 24 FHD 180Hz Odyssey G3,monitors,0,0,https://shop.samsung.com.bo/monitors/gaming/odyssey-g3-g30d-24-inch-180hz-ls24g300ealxzs/,"Esencial Gaming: 24, 180Hz (G30D) y FreeSync.",,[],,,,,,,,,,,,,,,,,,,,,{}
76,Lavadora Carga Superior 13Kg c/ Eco Bubble,washing_machines,0,0,https://shop.samsung.com.bo/home-appliances/laundry/wa5000t-top-loading-washer-with-ecobubble-13-kg-wa13t5260bw-zs,"Tecnología EcoBubble, Motor Digital Inverter y Tapa de cierre suave.",,[],,,,,,,,,,,,,,,,,,,,,{}
77,Lavadora Carga Superior 13Kg c/ Wobble,washing_machines,0,0,https://shop.samsung.com.bo/home-appliances/laundry/top-load-washer-13kg-gray-wa13cg5441byzs/,"Tecnología Wobble anti-enredos, Motor DIT y diseño moderno.",,[],,,,,,,,,,,,,,,,,,,,,{}
78,Lavadora Carga Superior 13Kg c/ Wobble,washing_machines,0,0,https://shop.samsung.com.bo/home-appliances/laundry/top-load-washer-13kg-white-wa13cg5441wwzs/,"Tecnología Wobble, Lavado Intenso y ahorro de energía.",,[],,,,,,,,,,,,,,,,,,,,,{}
79,Lavadora Carga Superior 15Kg c/ Wobble,washing_machines,0,0,https://shop.samsung.com.bo/home-appliances/laundry/top-load-washer-15kg-gray-wa15cg5441byzs/,"Capacidad 15Kg, Pulsador Wobble y 20 años de garantía en motor.",,[],,,,,,,,,,,,,,,,,,,,,{}
80,Lavadora Carga Superior 17Kg c/ Wobble,washing_machines,0,0,https://shop.samsung.com.bo/home-appliances/laundry/top-load-washer-17kg-gray-wa17cg5441byzs/,"Gran capacidad 17Kg, Deep Softener y Filtro Mágico.",,[],,,,,,,,,,,,,,,,,,,,,{}
81,Lavadora Carga Superior 19Kg c/ Eco Bubble,washing_machines,0,0,https://shop.samsung.com.bo/home-appliances/laundry/top-load-washer-19kg-gray-wa19cg6745bdzs,"EcoBubble con Dual Storm, Speed Spray (Lavado 31min) y SmartThings.",,[],,,,,,,,,,,,,,,,,,,,,{}
82,Lavadora Carga Superior 19Kg c/ Wobble,washing_machines,0,0,https://shop.samsung.com.bo/home-appliances/laundry/top-load-washer-19kg-gray-wa19cg5441byzs/,"Capacidad familiar, tecnología Wobble y eficiencia energética A.",,[],,,,,,,,,,,,,,,,,,,,,{}
83,Lavadora Carga Superior 22Kg c/ Bubble Storm,washing_machines,0,0,https://shop.samsung.com.bo/home-appliances/laundry/wa7000c-top-load-washer-with-ecobubble-22kg-black-wa22c8700gv-zs,"Heavy Duty+, BubbleStorm para lavado rápido y gran capacidad 22kg.",,[],,,,,,,,,,,,,,,,,,,,,{}
84,Lavadora Carga Frontal 10.5Kg c/ Eco Bubble,washing_machines,0,0,https://shop.samsung.com.bo/home-appliances/laundry/washer-ww5000t-front-loading-eco-bubble-ai-control-10-5kg-white-ww10t534dtt-zs,"Lavado con IA (AI Control), EcoBubble y Dispensador Automático.",,[],,,,,,,,,,,,,,,,,,,,,{}
85,Lavadora Carga Superior 9Kg c/ Wobble,washing_machines,0,0,https://shop.samsung.com.bo/home-appliances/laundry/wa4000hh-top-loading-with-wobble-technology-9kg-wa90h4200sw1zs,"Modelo compacto, Wobble Technology y secado de aire turbo.",,[],,,,,,,,,,,,,,,,,,,,,{}
86,Lavadora Carga Frontal 8.5Kg c/ Lavado Rápido,washing_machines,0,0,https://shop.samsung.com.bo/home-appliances/laundry/washer-ww3000t-front-loading-inverter-8-5kg-white-ww85t3040ww-zs/,"Motor Digital Inverter, Lavado Rápido 18min y Limpieza de Tambor.",,[],,,,,,,,,,,,,,,,,,,,,{}
87,Lavadora Carga Superior 8Kg c/ Wobble,washing_machines,0,0,https://shop.samsung.com.bo/home-appliances/laundry/wa4000hh-top-loading-with-wobble-technology-8kg-wa80h4010sw1zs/,"Diseño duradero, tina de diamantes y panel de control trasero.",,[],,,,,,,,,,,,,,,,,,,,,{}
88,Lavadora Secadora 12.5Kg/7Kg con IA,washing_machines,0,0,https://shop.samsung.com.bo/home-appliances/laundry/wd5000t-combo-front-loading-with-ai-control-12-5kg-wd12t504dbx-zs/,"Lavaseca 2 en 1, EcoBubble, Air Wash (Desodorizar) y AI Control.",,[],,,,,,,,,,,,,,,,,,,,,{}
89,Refrigerador Top Freezer 234L c/ All Around Cooling,refrigerators,0,0,https://shop.samsung.com.bo/home-appliances/refrigerators/top-mount-freezer-290l-silver-rt29k571js8-zs,"Sistema All-Around Cooling, Digital Inverter y compresor duradero (234L útil).",,[],,,,,,,,,,,,,,,,,,,,,{}
90,Refrigerador Top Mount Freezer 301L c/ Space Max,refrigerators,0,0,https://shop.samsung.com.bo/home-appliances/refrigerators/top-mount-freezer-301l-silver-rt31cg5000s9zs,"Tecnología SpaceMax (paredes finas), All-Around Cooling y 301L efectivos.",,[],,,,,,,,,,,,,,,,,,,,,{}
91,Refrigerador Top Freezer 526L c/Twin Cooling Plus,refrigerators,0,0,https://shop.samsung.com.bo/home-appliances/refrigerators/top-mount-freezer-526l-silver-rt53k6655sl-zs/,"Twin Cooling Plus (No mezcla olores), 5 modos de conversión y dispensador.",,[],,,,,,,,,,,,,,,,,,,,,{}
92,Refrigerador Side by Side 490 L con Twist Ice Maker,refrigerators,0,0,https://shop.samsung.com.bo/home-appliances/refrigerators/side-by-side-501l-silver-rs50n3503sa-zs/,"Diseño minimalista Side by Side, All-Around Cooling y compresor silencioso.",,[],,,,,,,,,,,,,,,,,,,,,{}
93,French Door de 425 L con Twin Cooling Plus,refrigerators,0,0,https://shop.samsung.com.bo/home-appliances/refrigerators/french-door-425l-silver-rf49a5202sl-zs,"Puerta Francesa (Twin Cooling), dispensador de agua externo y caja de vegetales.",,[],,,,,,,,,,,,,,,,,,,,,{}
94,Refrigerador Top Freezer 526L c/ Twin Cooling Plus,refrigerators,0,0,https://shop.samsung.com.bo/home-appliances/refrigerators/top-mount-freezer-526l-black-rt53k6655bs-zs/,"Edición Black Inox, Twin Cooling, Smart Conversion y Power Cool/Freeze.",,[],,,,,,,,,,,,,,,,,,,,,{}
95,Refrigerador Top Mount Freezer 384L c/ Space Max y WiFi,refrigerators,0,0,https://shop.samsung.com.bo/home-appliances/refrigerators/top-mount-freezer-384l-grey-rt38cu5600b1zs,"Bespoke Design (Panel personalizable), WiFi SmartThings y SpaceMax.",,[],,,,,,,,,,,,,,,,,,,,,{}
96,Refrigerador Side by Side 602L c/ 3-Door Flex,refrigerators,0,0,https://shop.samsung.com.bo/home-appliances/refrigerators/side-by-side-602l-silver-rs60a5600s9-zs/,"Tecnología SpaceMax (602L), 3 puertas con FlexZone y Metal Cooling.",,[],,,,,,,,,,,,,,,,,,,,,{}
97,Encimera Vitrocerámica 4 Zonas,kitchen_cleaning,0,0,https://shop.samsung.com.bo/home-appliances/cooking-appliances/electric-cooktop-60cm-black-nz60r3703pk-zs,"Controles táctiles deslizantes, indicadores de calor residual y bloqueo de seguridad.",,[],,,,,,,,,,,,,,,,,,,,,{}
98,Microondas Empotrable 23L c/ Grill,kitchen_cleaning,0,0,https://shop.samsung.com.bo/home-appliances/cooking-appliances/microwave-oven-23l-black-mg23a7318ck-zs,"Grill Fry (Freír sin aceite), Panel táctil Glass Touch y función de descongelado.",,[],,,,,,,,,,,,,,,,,,,,,{}
99,Horno Eléctrico Empotrable 75L c/ Dual Cook,kitchen_cleaning,0,0,https://shop.samsung.com.bo/home-appliances/cooking-appliances/electric-oven-75l-nv75k5541rs-zs,"Dual Cook (Cocina 2 platos a temp. distinta), Riel telescópico y limpieza catalítica.",,[],,,,,,,,,,,,,,,,,,,,,{}
100,Campana Decorativa 60cm c/ Control Touch,kitchen_cleaning,0,0,https://shop.samsung.com.bo/home-appliances/cooking-appliances/wall-mount-hood-60cm-silver-nk24m5070bs-ur,"Alto poder de succión (668 m3/h), filtro lavable y luces LED.",,[],,,,,,,,,,,,,,,,,,,,,{}
101,Aspiradora sin Bolsa 1800W c/ Turbina Anti Enredos,kitchen_cleaning,0,0,https://shop.samsung.com.bo/home-appliances/vacuum-cleaners/canister-vacuum-cleaner-1800w-vc18m3120v1-zs/,"Turbina Anti-Tangle (No se atasca con pelos), depósito Easy Dustbin y 1800W.",,[],,,,,,,,,,,,,,,,,,,,,{}
102,Aspiradora con Bolsa 2000W c/ Función Soplador,kitchen_cleaning,0,0,https://shop.samsung.com.bo/home-appliances/vacuum-cleaners/canister-vacuum-cleaner-2000w-vc20m2520jp-zs,"Potente 2000W, función de soplado de polvo y filtro de alérgenos.",,[],,,,,,,,,,,,,,,,,,,,,{}
